warning: `VIRTUAL_ENV=/Users/qianhuang/Documents/elevator_controller/.venv` does not match the project environment path `.venv` and will be ignored; use `--active` to target the active environment instead
DEBUG    [SERVER] Server debug mode enabled
DEBUG    [SERVER] Found 11 traffic files: ['down_peak.json', 'fire_evacuation.json', 'high_density.json', 'inter_floor.json', 'lunch_rush.json', 'medical.json', 'meeting_event.json', 'mixed_scenario.json', 'progressive_test.json', 'random.json', 'up_peak.json']
INFO     [SERVER] Loading traffic from down_peak.json
DEBUG    [SERVER] Building config: {'floors': 6, 'elevators': 2, 'elevator_capacity': 8, 'scenario': 'down_peak', 'scale': 'medium', 'description': '下行高峰 - 主要从高层到底层 (medium规模)', 'expected_passengers': 74, 'duration': 200}
DEBUG    [SERVER] 电梯 E0 能耗率设置为: 1.0
DEBUG    [SERVER] 电梯 E1 能耗率设置为: 1.0
INFO     [SERVER] Elevator simulation server (Async) running on http://127.0.0.1:8000
INFO     [SERVER] Using Quart (async Flask) for better concurrency
INFO     [SERVER] Debug mode: enabled
[2025-10-23 20:48:38 +0800] [17183] [INFO] Running on http://127.0.0.1:8000 (CTRL + C to quit)
 * Serving Quart app 'simulator'
 * Debug mode: True
 * Please use an ASGI server (e.g. Hypercorn) directly in production
 * Running on http://127.0.0.1:8000 (CTRL + C to quit)
[2025-10-23 20:48:39 +0800] [17183] [INFO] 127.0.0.1:50766 GET /api/state 1.1 200 1306 6080
DEBUG    [SERVER] Algorithm client registered: 11692536-e19b-4c91-857c-4728f4a8bd05
[2025-10-23 20:48:39 +0800] [17183] [INFO] 127.0.0.1:50767 POST /api/client/register 1.1 200 125 1061
[2025-10-23 20:48:39 +0800] [17183] [INFO] 127.0.0.1:50768 GET /api/state 1.1 200 1306 770
[2025-10-23 20:48:39 +0800] [17183] [INFO] 127.0.0.1:50769 GET /api/traffic/info 1.1 200 56 657
DEBUG    [SERVER] Algorithm client processed tick 1
DEBUG    [SERVER] 乘客    1： 创建 | PassengerInfo(id=1, origin=2, destination=0, arrive_tick=1, pickup_tick=0, dropoff_tick=0, arrived=False, elevator_id=None)
DEBUG    [SERVER] Event emitted: down_button_pressed with data {'floor': 2, 'passenger': 1}
DEBUG    [SERVER] Event emitted: idle with data {'elevator': 0, 'floor': 0}
DEBUG    [SERVER] Event emitted: idle with data {'elevator': 1, 'floor': 0}
DEBUG    [SERVER] Step completed - Final tick: 1, Total events: 3
DEBUG    [SERVER] Algorithm step: tick 1, events: 3
DEBUG    [SERVER] Stored 3 events for tick 1
[2025-10-23 20:48:39 +0800] [17183] [INFO] 127.0.0.1:50770 POST /api/step 1.1 200 366 927
[2025-10-23 20:48:39 +0800] [17183] [INFO] 127.0.0.1:50771 GET /api/state 1.1 200 1446 1260
DEBUG    [SERVER] 电梯 E0 下一目的地设定为 F2
[2025-10-23 20:48:39 +0800] [17183] [INFO] 127.0.0.1:50772 POST /api/elevators/0/go_to_floor 1.1 200 17 787
DEBUG    [SERVER] Algorithm client processed tick 2
DEBUG    [SERVER] 电梯 E0 被设定为前往 F2
DEBUG    [SERVER] 电梯0 状态:stopped->stopped
DEBUG    [SERVER] 电梯0 状态:stopped->start_up 方向:up 位置:0.0 目标:0
DEBUG    [SERVER] Event emitted: elevator_move with data {'elevator': 0, 'from_position': 0.0, 'to_position': 0.1, 'direction': 'up', 'status': 'start_up'}
DEBUG    [SERVER] Event emitted: idle with data {'elevator': 1, 'floor': 0}
DEBUG    [SERVER] Step completed - Final tick: 2, Total events: 2
DEBUG    [SERVER] Algorithm step: tick 2, events: 2
DEBUG    [SERVER] Stored 2 events for tick 2
[2025-10-23 20:48:39 +0800] [17183] [INFO] 127.0.0.1:50773 POST /api/step 1.1 200 321 797
[2025-10-23 20:48:39 +0800] [17183] [INFO] 127.0.0.1:50774 GET /api/state 1.1 200 1442 751
DEBUG    [SERVER] Algorithm client processed tick 3
DEBUG    [SERVER] 电梯0 状态:start_up->constant_speed 方向:up 位置:0.1 目标:2
DEBUG    [SERVER] 乘客    2： 创建 | PassengerInfo(id=2, origin=2, destination=1, arrive_tick=3, pickup_tick=0, dropoff_tick=0, arrived=False, elevator_id=None)
DEBUG    [SERVER] Event emitted: down_button_pressed with data {'floor': 2, 'passenger': 2}
DEBUG    [SERVER] Event emitted: elevator_move with data {'elevator': 0, 'from_position': 0.1, 'to_position': 0.3, 'direction': 'up', 'status': 'constant_speed'}
DEBUG    [SERVER] Event emitted: idle with data {'elevator': 1, 'floor': 0}
DEBUG    [SERVER] Step completed - Final tick: 3, Total events: 3
DEBUG    [SERVER] Algorithm step: tick 3, events: 3
DEBUG    [SERVER] Stored 3 events for tick 3
[2025-10-23 20:48:39 +0800] [17183] [INFO] 127.0.0.1:50775 POST /api/step 1.1 200 452 792
[2025-10-23 20:48:39 +0800] [17183] [INFO] 127.0.0.1:50776 GET /api/state 1.1 200 1592 686
DEBUG    [SERVER] Algorithm client processed tick 4
DEBUG    [SERVER] 电梯0 状态:constant_speed->constant_speed 方向:up 位置:0.3 目标:2
DEBUG    [SERVER] Event emitted: elevator_move with data {'elevator': 0, 'from_position': 0.3, 'to_position': 0.5, 'direction': 'up', 'status': 'constant_speed'}
DEBUG    [SERVER] Event emitted: idle with data {'elevator': 1, 'floor': 0}
DEBUG    [SERVER] Step completed - Final tick: 4, Total events: 2
DEBUG    [SERVER] Algorithm step: tick 4, events: 2
DEBUG    [SERVER] Stored 2 events for tick 4
[2025-10-23 20:48:39 +0800] [17183] [INFO] 127.0.0.1:50777 POST /api/step 1.1 200 327 858
[2025-10-23 20:48:39 +0800] [17183] [INFO] 127.0.0.1:50778 GET /api/state 1.1 200 1592 675
DEBUG    [SERVER] Algorithm client processed tick 5
DEBUG    [SERVER] 电梯0 状态:constant_speed->constant_speed 方向:up 位置:0.5 目标:2
DEBUG    [SERVER] 乘客    3： 创建 | PassengerInfo(id=3, origin=4, destination=0, arrive_tick=5, pickup_tick=0, dropoff_tick=0, arrived=False, elevator_id=None)
DEBUG    [SERVER] Event emitted: down_button_pressed with data {'floor': 4, 'passenger': 3}
DEBUG    [SERVER] Event emitted: elevator_move with data {'elevator': 0, 'from_position': 0.5, 'to_position': 0.7, 'direction': 'up', 'status': 'constant_speed'}
DEBUG    [SERVER] Event emitted: idle with data {'elevator': 1, 'floor': 0}
DEBUG    [SERVER] Step completed - Final tick: 5, Total events: 3
DEBUG    [SERVER] Algorithm step: tick 5, events: 3
DEBUG    [SERVER] Stored 3 events for tick 5
[2025-10-23 20:48:39 +0800] [17183] [INFO] 127.0.0.1:50779 POST /api/step 1.1 200 452 777
[2025-10-23 20:48:39 +0800] [17183] [INFO] 127.0.0.1:50780 GET /api/state 1.1 200 1734 679
DEBUG    [SERVER] 电梯 E1 下一目的地设定为 F4
[2025-10-23 20:48:39 +0800] [17183] [INFO] 127.0.0.1:50781 POST /api/elevators/1/go_to_floor 1.1 200 17 738
DEBUG    [SERVER] Algorithm client processed tick 6
DEBUG    [SERVER] 电梯0 状态:constant_speed->constant_speed 方向:up 位置:0.7 目标:2
DEBUG    [SERVER] 电梯 E1 被设定为前往 F4
DEBUG    [SERVER] 电梯1 状态:stopped->stopped
DEBUG    [SERVER] 电梯1 状态:stopped->start_up 方向:up 位置:0.0 目标:0
DEBUG    [SERVER] 乘客    4： 创建 | PassengerInfo(id=4, origin=3, destination=0, arrive_tick=6, pickup_tick=0, dropoff_tick=0, arrived=False, elevator_id=None)
DEBUG    [SERVER] Event emitted: down_button_pressed with data {'floor': 3, 'passenger': 4}
DEBUG    [SERVER] Event emitted: elevator_move with data {'elevator': 0, 'from_position': 0.7, 'to_position': 0.9, 'direction': 'up', 'status': 'constant_speed'}
DEBUG    [SERVER] Event emitted: elevator_approaching with data {'elevator': 0, 'floor': 1, 'direction': 'up'}
DEBUG    [SERVER] Event emitted: elevator_move with data {'elevator': 1, 'from_position': 0.0, 'to_position': 0.1, 'direction': 'up', 'status': 'start_up'}
DEBUG    [SERVER] Step completed - Final tick: 6, Total events: 4
DEBUG    [SERVER] Algorithm step: tick 6, events: 4
DEBUG    [SERVER] Stored 4 events for tick 6
[2025-10-23 20:48:39 +0800] [17183] [INFO] 127.0.0.1:50782 POST /api/step 1.1 200 676 747
[2025-10-23 20:48:39 +0800] [17183] [INFO] 127.0.0.1:50783 GET /api/state 1.1 200 1872 660
DEBUG    [SERVER] Algorithm client processed tick 7
DEBUG    [SERVER] 电梯0 状态:constant_speed->constant_speed 方向:up 位置:0.9 目标:2
DEBUG    [SERVER] 电梯1 状态:start_up->constant_speed 方向:up 位置:0.1 目标:4
DEBUG    [SERVER] 乘客    5： 创建 | PassengerInfo(id=5, origin=5, destination=0, arrive_tick=7, pickup_tick=0, dropoff_tick=0, arrived=False, elevator_id=None)
DEBUG    [SERVER] Event emitted: down_button_pressed with data {'floor': 5, 'passenger': 5}
DEBUG    [SERVER] Event emitted: elevator_move with data {'elevator': 0, 'from_position': 0.9, 'to_position': 1.1, 'direction': 'up', 'status': 'constant_speed'}
DEBUG    [SERVER] Event emitted: passing_floor with data {'elevator': 0, 'floor': 1, 'direction': 'up'}
DEBUG    [SERVER] Event emitted: elevator_move with data {'elevator': 1, 'from_position': 0.1, 'to_position': 0.3, 'direction': 'up', 'status': 'constant_speed'}
DEBUG    [SERVER] Step completed - Final tick: 7, Total events: 4
DEBUG    [SERVER] Algorithm step: tick 7, events: 4
DEBUG    [SERVER] Stored 4 events for tick 7
[2025-10-23 20:48:39 +0800] [17183] [INFO] 127.0.0.1:50784 POST /api/step 1.1 200 675 730
[2025-10-23 20:48:39 +0800] [17183] [INFO] 127.0.0.1:50785 GET /api/state 1.1 200 2020 707
DEBUG    [SERVER] Algorithm client processed tick 8
DEBUG    [SERVER] 电梯0 状态:constant_speed->constant_speed 方向:up 位置:1.1 目标:2
DEBUG    [SERVER] 电梯1 状态:constant_speed->constant_speed 方向:up 位置:0.3 目标:4
DEBUG    [SERVER] Event emitted: elevator_move with data {'elevator': 0, 'from_position': 1.1, 'to_position': 1.3, 'direction': 'up', 'status': 'constant_speed'}
DEBUG    [SERVER] Event emitted: elevator_move with data {'elevator': 1, 'from_position': 0.3, 'to_position': 0.5, 'direction': 'up', 'status': 'constant_speed'}
DEBUG    [SERVER] Step completed - Final tick: 8, Total events: 2
DEBUG    [SERVER] Algorithm step: tick 8, events: 2
DEBUG    [SERVER] Stored 2 events for tick 8
[2025-10-23 20:48:39 +0800] [17183] [INFO] 127.0.0.1:50786 POST /api/step 1.1 200 413 735
[2025-10-23 20:48:39 +0800] [17183] [INFO] 127.0.0.1:50787 GET /api/state 1.1 200 2021 638
DEBUG    [SERVER] Algorithm client processed tick 9
DEBUG    [SERVER] 电梯0 状态:constant_speed->constant_speed 方向:up 位置:1.3 目标:2
DEBUG    [SERVER] 电梯1 状态:constant_speed->constant_speed 方向:up 位置:0.5 目标:4
DEBUG    [SERVER] 乘客    6： 创建 | PassengerInfo(id=6, origin=4, destination=0, arrive_tick=9, pickup_tick=0, dropoff_tick=0, arrived=False, elevator_id=None)
DEBUG    [SERVER] Event emitted: down_button_pressed with data {'floor': 4, 'passenger': 6}
DEBUG    [SERVER] Event emitted: elevator_move with data {'elevator': 0, 'from_position': 1.3, 'to_position': 1.5, 'direction': 'up', 'status': 'constant_speed'}
DEBUG    [SERVER] Event emitted: elevator_move with data {'elevator': 1, 'from_position': 0.5, 'to_position': 0.7, 'direction': 'up', 'status': 'constant_speed'}
DEBUG    [SERVER] Step completed - Final tick: 9, Total events: 3
DEBUG    [SERVER] Algorithm step: tick 9, events: 3
DEBUG    [SERVER] Stored 3 events for tick 9
[2025-10-23 20:48:39 +0800] [17183] [INFO] 127.0.0.1:50788 POST /api/step 1.1 200 538 794
[2025-10-23 20:48:39 +0800] [17183] [INFO] 127.0.0.1:50789 GET /api/state 1.1 200 2165 668
DEBUG    [SERVER] Algorithm client processed tick 10
DEBUG    [SERVER] 电梯0 状态:constant_speed->constant_speed 方向:up 位置:1.5 目标:2
DEBUG    [SERVER] 电梯1 状态:constant_speed->constant_speed 方向:up 位置:0.7 目标:4
DEBUG    [SERVER] 乘客    7： 创建 | PassengerInfo(id=7, origin=1, destination=0, arrive_tick=10, pickup_tick=0, dropoff_tick=0, arrived=False, elevator_id=None)
DEBUG    [SERVER] Event emitted: down_button_pressed with data {'floor': 1, 'passenger': 7}
DEBUG    [SERVER] Event emitted: elevator_move with data {'elevator': 0, 'from_position': 1.5, 'to_position': 1.7, 'direction': 'up', 'status': 'constant_speed'}
DEBUG    [SERVER] Event emitted: elevator_move with data {'elevator': 1, 'from_position': 0.7, 'to_position': 0.9, 'direction': 'up', 'status': 'constant_speed'}
DEBUG    [SERVER] Event emitted: elevator_approaching with data {'elevator': 1, 'floor': 1, 'direction': 'up'}
DEBUG    [SERVER] Step completed - Final tick: 10, Total events: 4
DEBUG    [SERVER] Algorithm step: tick 10, events: 4
DEBUG    [SERVER] Stored 4 events for tick 10
[2025-10-23 20:48:39 +0800] [17183] [INFO] 127.0.0.1:50790 POST /api/step 1.1 200 687 713
[2025-10-23 20:48:39 +0800] [17183] [INFO] 127.0.0.1:50791 GET /api/state 1.1 200 2309 668
DEBUG    [SERVER] Algorithm client processed tick 11
DEBUG    [SERVER] 电梯0 状态:constant_speed->constant_speed 方向:up 位置:1.7 目标:2
DEBUG    [SERVER] 电梯1 状态:constant_speed->constant_speed 方向:up 位置:0.9 目标:4
DEBUG    [SERVER] Event emitted: elevator_move with data {'elevator': 0, 'from_position': 1.7, 'to_position': 1.9, 'direction': 'up', 'status': 'constant_speed'}
DEBUG    [SERVER] Event emitted: elevator_approaching with data {'elevator': 0, 'floor': 2, 'direction': 'up'}
DEBUG    [SERVER] Event emitted: elevator_move with data {'elevator': 1, 'from_position': 0.9, 'to_position': 1.1, 'direction': 'up', 'status': 'constant_speed'}
DEBUG    [SERVER] Event emitted: passing_floor with data {'elevator': 1, 'floor': 1, 'direction': 'up'}
DEBUG    [SERVER] Step completed - Final tick: 11, Total events: 4
DEBUG    [SERVER] Algorithm step: tick 11, events: 4
DEBUG    [SERVER] Stored 4 events for tick 11
[2025-10-23 20:48:39 +0800] [17183] [INFO] 127.0.0.1:50792 POST /api/step 1.1 200 699 869
[2025-10-23 20:48:39 +0800] [17183] [INFO] 127.0.0.1:50793 GET /api/state 1.1 200 2306 668
DEBUG    [SERVER] Algorithm client processed tick 12
DEBUG    [SERVER] 电梯0 状态:start_down->start_down 方向:up 位置:1.9 目标:2
DEBUG    [SERVER] 电梯1 状态:constant_speed->constant_speed 方向:up 位置:1.1 目标:4
DEBUG    [SERVER] 乘客    8： 创建 | PassengerInfo(id=8, origin=5, destination=0, arrive_tick=12, pickup_tick=0, dropoff_tick=0, arrived=False, elevator_id=None)
DEBUG    [SERVER] Event emitted: down_button_pressed with data {'floor': 5, 'passenger': 8}
DEBUG    [SERVER] Event emitted: stopped_at_floor with data {'elevator': 0, 'floor': 2, 'reason': 'move_reached'}
DEBUG    [SERVER] Event emitted: elevator_move with data {'elevator': 1, 'from_position': 1.1, 'to_position': 1.3, 'direction': 'up', 'status': 'constant_speed'}
DEBUG    [SERVER] Step completed - Final tick: 12, Total events: 3
DEBUG    [SERVER] Algorithm step: tick 12, events: 3
DEBUG    [SERVER] Stored 3 events for tick 12
[2025-10-23 20:48:39 +0800] [17183] [INFO] 127.0.0.1:50794 POST /api/step 1.1 200 494 862
[2025-10-23 20:48:39 +0800] [17183] [INFO] 127.0.0.1:50795 GET /api/state 1.1 200 2448 816
DEBUG    [SERVER] 电梯 E0 下一目的地设定为 F3
[2025-10-23 20:48:39 +0800] [17183] [INFO] 127.0.0.1:50796 POST /api/elevators/0/go_to_floor 1.1 200 17 880
DEBUG    [SERVER] Algorithm client processed tick 13
DEBUG    [SERVER] 电梯 E0 被设定为前往 F3
DEBUG    [SERVER] 电梯0 状态:stopped->stopped
DEBUG    [SERVER] 电梯0 状态:stopped->start_up 方向:up 位置:2.0 目标:2
DEBUG    [SERVER] 电梯1 状态:constant_speed->constant_speed 方向:up 位置:1.3 目标:4
DEBUG    [SERVER] 乘客    9： 创建 | PassengerInfo(id=9, origin=3, destination=0, arrive_tick=13, pickup_tick=0, dropoff_tick=0, arrived=False, elevator_id=None)
DEBUG    [SERVER] Event emitted: down_button_pressed with data {'floor': 3, 'passenger': 9}
DEBUG    [SERVER] Event emitted: elevator_move with data {'elevator': 0, 'from_position': 2.0, 'to_position': 2.1, 'direction': 'up', 'status': 'start_up'}
DEBUG    [SERVER] Event emitted: elevator_move with data {'elevator': 1, 'from_position': 1.3, 'to_position': 1.5, 'direction': 'up', 'status': 'constant_speed'}
DEBUG    [SERVER] Step completed - Final tick: 13, Total events: 3
DEBUG    [SERVER] Algorithm step: tick 13, events: 3
DEBUG    [SERVER] Stored 3 events for tick 13
[2025-10-23 20:48:39 +0800] [17183] [INFO] 127.0.0.1:50797 POST /api/step 1.1 200 536 752
[2025-10-23 20:48:39 +0800] [17183] [INFO] 127.0.0.1:50798 GET /api/state 1.1 200 2594 658
DEBUG    [SERVER] Algorithm client processed tick 14
DEBUG    [SERVER] 电梯0 状态:start_up->constant_speed 方向:up 位置:2.1 目标:3
DEBUG    [SERVER] 电梯1 状态:constant_speed->constant_speed 方向:up 位置:1.5 目标:4
DEBUG    [SERVER] 乘客   10： 创建 | PassengerInfo(id=10, origin=3, destination=0, arrive_tick=14, pickup_tick=0, dropoff_tick=0, arrived=False, elevator_id=None)
DEBUG    [SERVER] Event emitted: down_button_pressed with data {'floor': 3, 'passenger': 10}
DEBUG    [SERVER] Event emitted: elevator_move with data {'elevator': 0, 'from_position': 2.1, 'to_position': 2.3, 'direction': 'up', 'status': 'constant_speed'}
DEBUG    [SERVER] Event emitted: elevator_move with data {'elevator': 1, 'from_position': 1.5, 'to_position': 1.7, 'direction': 'up', 'status': 'constant_speed'}
DEBUG    [SERVER] Step completed - Final tick: 14, Total events: 3
DEBUG    [SERVER] Algorithm step: tick 14, events: 3
DEBUG    [SERVER] Stored 3 events for tick 14
[2025-10-23 20:48:39 +0800] [17183] [INFO] 127.0.0.1:50799 POST /api/step 1.1 200 543 714
[2025-10-23 20:48:39 +0800] [17183] [INFO] 127.0.0.1:50800 GET /api/state 1.1 200 2749 702
DEBUG    [SERVER] Algorithm client processed tick 15
DEBUG    [SERVER] 电梯0 状态:constant_speed->constant_speed 方向:up 位置:2.3 目标:3
DEBUG    [SERVER] 电梯1 状态:constant_speed->constant_speed 方向:up 位置:1.7 目标:4
DEBUG    [SERVER] 乘客   11： 创建 | PassengerInfo(id=11, origin=2, destination=0, arrive_tick=15, pickup_tick=0, dropoff_tick=0, arrived=False, elevator_id=None)
DEBUG    [SERVER] Event emitted: down_button_pressed with data {'floor': 2, 'passenger': 11}
DEBUG    [SERVER] Event emitted: elevator_move with data {'elevator': 0, 'from_position': 2.3, 'to_position': 2.5, 'direction': 'up', 'status': 'constant_speed'}
DEBUG    [SERVER] Event emitted: elevator_move with data {'elevator': 1, 'from_position': 1.7, 'to_position': 1.9, 'direction': 'up', 'status': 'constant_speed'}
DEBUG    [SERVER] Event emitted: elevator_approaching with data {'elevator': 1, 'floor': 2, 'direction': 'up'}
DEBUG    [SERVER] Step completed - Final tick: 15, Total events: 4
DEBUG    [SERVER] Algorithm step: tick 15, events: 4
DEBUG    [SERVER] Stored 4 events for tick 15
[2025-10-23 20:48:39 +0800] [17183] [INFO] 127.0.0.1:50801 POST /api/step 1.1 200 688 708
[2025-10-23 20:48:39 +0800] [17183] [INFO] 127.0.0.1:50802 GET /api/state 1.1 200 2898 653
DEBUG    [SERVER] Algorithm client processed tick 16
DEBUG    [SERVER] 电梯0 状态:constant_speed->constant_speed 方向:up 位置:2.5 目标:3
DEBUG    [SERVER] 电梯1 状态:constant_speed->constant_speed 方向:up 位置:1.9 目标:4
DEBUG    [SERVER] Event emitted: elevator_move with data {'elevator': 0, 'from_position': 2.5, 'to_position': 2.7, 'direction': 'up', 'status': 'constant_speed'}
DEBUG    [SERVER] Event emitted: elevator_move with data {'elevator': 1, 'from_position': 1.9, 'to_position': 2.1, 'direction': 'up', 'status': 'constant_speed'}
DEBUG    [SERVER] Event emitted: passing_floor with data {'elevator': 1, 'floor': 2, 'direction': 'up'}
DEBUG    [SERVER] Step completed - Final tick: 16, Total events: 3
DEBUG    [SERVER] Algorithm step: tick 16, events: 3
DEBUG    [SERVER] Stored 3 events for tick 16
[2025-10-23 20:48:39 +0800] [17183] [INFO] 127.0.0.1:50803 POST /api/step 1.1 200 554 776
[2025-10-23 20:48:39 +0800] [17183] [INFO] 127.0.0.1:50804 GET /api/state 1.1 200 2898 638
DEBUG    [SERVER] Algorithm client processed tick 17
DEBUG    [SERVER] 电梯0 状态:constant_speed->constant_speed 方向:up 位置:2.7 目标:3
DEBUG    [SERVER] 电梯1 状态:constant_speed->constant_speed 方向:up 位置:2.1 目标:4
DEBUG    [SERVER] 乘客   12： 创建 | PassengerInfo(id=12, origin=1, destination=0, arrive_tick=17, pickup_tick=0, dropoff_tick=0, arrived=False, elevator_id=None)
DEBUG    [SERVER] Event emitted: down_button_pressed with data {'floor': 1, 'passenger': 12}
DEBUG    [SERVER] Event emitted: elevator_move with data {'elevator': 0, 'from_position': 2.7, 'to_position': 2.9, 'direction': 'up', 'status': 'constant_speed'}
DEBUG    [SERVER] Event emitted: elevator_approaching with data {'elevator': 0, 'floor': 3, 'direction': 'up'}
DEBUG    [SERVER] Event emitted: elevator_move with data {'elevator': 1, 'from_position': 2.1, 'to_position': 2.3, 'direction': 'up', 'status': 'constant_speed'}
DEBUG    [SERVER] Step completed - Final tick: 17, Total events: 4
DEBUG    [SERVER] Algorithm step: tick 17, events: 4
DEBUG    [SERVER] Stored 4 events for tick 17
[2025-10-23 20:48:39 +0800] [17183] [INFO] 127.0.0.1:50805 POST /api/step 1.1 200 688 809
[2025-10-23 20:48:39 +0800] [17183] [INFO] 127.0.0.1:50806 GET /api/state 1.1 200 3042 650
DEBUG    [SERVER] Algorithm client processed tick 18
DEBUG    [SERVER] 电梯0 状态:start_down->start_down 方向:up 位置:2.9 目标:3
DEBUG    [SERVER] 电梯1 状态:constant_speed->constant_speed 方向:up 位置:2.3 目标:4
DEBUG    [SERVER] 乘客   13： 创建 | PassengerInfo(id=13, origin=3, destination=2, arrive_tick=18, pickup_tick=0, dropoff_tick=0, arrived=False, elevator_id=None)
DEBUG    [SERVER] Event emitted: down_button_pressed with data {'floor': 3, 'passenger': 13}
DEBUG    [SERVER] Event emitted: stopped_at_floor with data {'elevator': 0, 'floor': 3, 'reason': 'move_reached'}
DEBUG    [SERVER] Event emitted: elevator_move with data {'elevator': 1, 'from_position': 2.3, 'to_position': 2.5, 'direction': 'up', 'status': 'constant_speed'}
DEBUG    [SERVER] Step completed - Final tick: 18, Total events: 3
DEBUG    [SERVER] Algorithm step: tick 18, events: 3
DEBUG    [SERVER] Stored 3 events for tick 18
[2025-10-23 20:48:39 +0800] [17183] [INFO] 127.0.0.1:50807 POST /api/step 1.1 200 495 828
[2025-10-23 20:48:39 +0800] [17183] [INFO] 127.0.0.1:50808 GET /api/state 1.1 200 3187 653
DEBUG    [SERVER] 电梯 E0 下一目的地设定为 F5
[2025-10-23 20:48:39 +0800] [17183] [INFO] 127.0.0.1:50809 POST /api/elevators/0/go_to_floor 1.1 200 17 720
DEBUG    [SERVER] Algorithm client processed tick 19
DEBUG    [SERVER] 电梯 E0 被设定为前往 F5
DEBUG    [SERVER] 电梯0 状态:stopped->stopped
DEBUG    [SERVER] 电梯0 状态:stopped->start_up 方向:up 位置:3.0 目标:3
DEBUG    [SERVER] 电梯1 状态:constant_speed->constant_speed 方向:up 位置:2.5 目标:4
DEBUG    [SERVER] 乘客   14： 创建 | PassengerInfo(id=14, origin=4, destination=0, arrive_tick=19, pickup_tick=0, dropoff_tick=0, arrived=False, elevator_id=None)
DEBUG    [SERVER] Event emitted: down_button_pressed with data {'floor': 4, 'passenger': 14}
DEBUG    [SERVER] Event emitted: elevator_move with data {'elevator': 0, 'from_position': 3.0, 'to_position': 3.1, 'direction': 'up', 'status': 'start_up'}
DEBUG    [SERVER] Event emitted: elevator_move with data {'elevator': 1, 'from_position': 2.5, 'to_position': 2.7, 'direction': 'up', 'status': 'constant_speed'}
DEBUG    [SERVER] Step completed - Final tick: 19, Total events: 3
DEBUG    [SERVER] Algorithm step: tick 19, events: 3
DEBUG    [SERVER] Stored 3 events for tick 19
[2025-10-23 20:48:39 +0800] [17183] [INFO] 127.0.0.1:50810 POST /api/step 1.1 200 537 708
[2025-10-23 20:48:39 +0800] [17183] [INFO] 127.0.0.1:50811 GET /api/state 1.1 200 3336 656
DEBUG    [SERVER] Algorithm client processed tick 20
DEBUG    [SERVER] 电梯0 状态:start_up->constant_speed 方向:up 位置:3.1 目标:5
DEBUG    [SERVER] 电梯1 状态:constant_speed->constant_speed 方向:up 位置:2.7 目标:4
DEBUG    [SERVER] Event emitted: elevator_move with data {'elevator': 0, 'from_position': 3.1, 'to_position': 3.3, 'direction': 'up', 'status': 'constant_speed'}
DEBUG    [SERVER] Event emitted: elevator_move with data {'elevator': 1, 'from_position': 2.7, 'to_position': 2.9, 'direction': 'up', 'status': 'constant_speed'}
DEBUG    [SERVER] Event emitted: elevator_approaching with data {'elevator': 1, 'floor': 3, 'direction': 'up'}
DEBUG    [SERVER] Step completed - Final tick: 20, Total events: 3
DEBUG    [SERVER] Algorithm step: tick 20, events: 3
DEBUG    [SERVER] Stored 3 events for tick 20
[2025-10-23 20:48:39 +0800] [17183] [INFO] 127.0.0.1:50812 POST /api/step 1.1 200 561 719
[2025-10-23 20:48:39 +0800] [17183] [INFO] 127.0.0.1:50813 GET /api/state 1.1 200 3342 731
DEBUG    [SERVER] Algorithm client processed tick 21
DEBUG    [SERVER] 电梯0 状态:constant_speed->constant_speed 方向:up 位置:3.3 目标:5
DEBUG    [SERVER] 电梯1 状态:constant_speed->constant_speed 方向:up 位置:2.9 目标:4
DEBUG    [SERVER] Event emitted: elevator_move with data {'elevator': 0, 'from_position': 3.3, 'to_position': 3.5, 'direction': 'up', 'status': 'constant_speed'}
DEBUG    [SERVER] Event emitted: elevator_move with data {'elevator': 1, 'from_position': 2.9, 'to_position': 3.1, 'direction': 'up', 'status': 'constant_speed'}
DEBUG    [SERVER] Event emitted: passing_floor with data {'elevator': 1, 'floor': 3, 'direction': 'up'}
DEBUG    [SERVER] Step completed - Final tick: 21, Total events: 3
DEBUG    [SERVER] Algorithm step: tick 21, events: 3
DEBUG    [SERVER] Stored 3 events for tick 21
[2025-10-23 20:48:39 +0800] [17183] [INFO] 127.0.0.1:50814 POST /api/step 1.1 200 554 750
[2025-10-23 20:48:39 +0800] [17183] [INFO] 127.0.0.1:50815 GET /api/state 1.1 200 3342 705
DEBUG    [SERVER] Algorithm client processed tick 22
DEBUG    [SERVER] 电梯0 状态:constant_speed->constant_speed 方向:up 位置:3.5 目标:5
DEBUG    [SERVER] 电梯1 状态:constant_speed->constant_speed 方向:up 位置:3.1 目标:4
DEBUG    [SERVER] 乘客   15： 创建 | PassengerInfo(id=15, origin=3, destination=0, arrive_tick=22, pickup_tick=0, dropoff_tick=0, arrived=False, elevator_id=None)
DEBUG    [SERVER] Event emitted: down_button_pressed with data {'floor': 3, 'passenger': 15}
DEBUG    [SERVER] Event emitted: elevator_move with data {'elevator': 0, 'from_position': 3.5, 'to_position': 3.7, 'direction': 'up', 'status': 'constant_speed'}
DEBUG    [SERVER] Event emitted: elevator_move with data {'elevator': 1, 'from_position': 3.1, 'to_position': 3.3, 'direction': 'up', 'status': 'constant_speed'}
DEBUG    [SERVER] Step completed - Final tick: 22, Total events: 3
DEBUG    [SERVER] Algorithm step: tick 22, events: 3
DEBUG    [SERVER] Stored 3 events for tick 22
[2025-10-23 20:48:39 +0800] [17183] [INFO] 127.0.0.1:50816 POST /api/step 1.1 200 543 735
[2025-10-23 20:48:39 +0800] [17183] [INFO] 127.0.0.1:50817 GET /api/state 1.1 200 3490 1030
DEBUG    [SERVER] Algorithm client processed tick 23
DEBUG    [SERVER] 电梯0 状态:constant_speed->constant_speed 方向:up 位置:3.7 目标:5
DEBUG    [SERVER] 电梯1 状态:constant_speed->constant_speed 方向:up 位置:3.3 目标:4
DEBUG    [SERVER] Event emitted: elevator_move with data {'elevator': 0, 'from_position': 3.7, 'to_position': 3.9, 'direction': 'up', 'status': 'constant_speed'}
DEBUG    [SERVER] Event emitted: elevator_approaching with data {'elevator': 0, 'floor': 4, 'direction': 'up'}
DEBUG    [SERVER] Event emitted: elevator_move with data {'elevator': 1, 'from_position': 3.3, 'to_position': 3.5, 'direction': 'up', 'status': 'constant_speed'}
DEBUG    [SERVER] Step completed - Final tick: 23, Total events: 3
DEBUG    [SERVER] Algorithm step: tick 23, events: 3
DEBUG    [SERVER] Stored 3 events for tick 23
[2025-10-23 20:48:39 +0800] [17183] [INFO] 127.0.0.1:50818 POST /api/step 1.1 200 561 741
[2025-10-23 20:48:39 +0800] [17183] [INFO] 127.0.0.1:50819 GET /api/state 1.1 200 3490 657
DEBUG    [SERVER] Algorithm client processed tick 24
DEBUG    [SERVER] 电梯0 状态:constant_speed->constant_speed 方向:up 位置:3.9 目标:5
DEBUG    [SERVER] 电梯1 状态:constant_speed->constant_speed 方向:up 位置:3.5 目标:4
DEBUG    [SERVER] Event emitted: elevator_move with data {'elevator': 0, 'from_position': 3.9, 'to_position': 4.1, 'direction': 'up', 'status': 'constant_speed'}
DEBUG    [SERVER] Event emitted: passing_floor with data {'elevator': 0, 'floor': 4, 'direction': 'up'}
DEBUG    [SERVER] Event emitted: elevator_move with data {'elevator': 1, 'from_position': 3.5, 'to_position': 3.7, 'direction': 'up', 'status': 'constant_speed'}
DEBUG    [SERVER] Step completed - Final tick: 24, Total events: 3
DEBUG    [SERVER] Algorithm step: tick 24, events: 3
DEBUG    [SERVER] Stored 3 events for tick 24
[2025-10-23 20:48:39 +0800] [17183] [INFO] 127.0.0.1:50820 POST /api/step 1.1 200 554 767
[2025-10-23 20:48:39 +0800] [17183] [INFO] 127.0.0.1:50821 GET /api/state 1.1 200 3490 653
DEBUG    [SERVER] Algorithm client processed tick 25
DEBUG    [SERVER] 电梯0 状态:constant_speed->constant_speed 方向:up 位置:4.1 目标:5
DEBUG    [SERVER] 电梯1 状态:constant_speed->constant_speed 方向:up 位置:3.7 目标:4
DEBUG    [SERVER] Event emitted: elevator_move with data {'elevator': 0, 'from_position': 4.1, 'to_position': 4.3, 'direction': 'up', 'status': 'constant_speed'}
DEBUG    [SERVER] Event emitted: elevator_move with data {'elevator': 1, 'from_position': 3.7, 'to_position': 3.9, 'direction': 'up', 'status': 'constant_speed'}
DEBUG    [SERVER] Event emitted: elevator_approaching with data {'elevator': 1, 'floor': 4, 'direction': 'up'}
DEBUG    [SERVER] Step completed - Final tick: 25, Total events: 3
DEBUG    [SERVER] Algorithm step: tick 25, events: 3
DEBUG    [SERVER] Stored 3 events for tick 25
[2025-10-23 20:48:39 +0800] [17183] [INFO] 127.0.0.1:50822 POST /api/step 1.1 200 561 718
[2025-10-23 20:48:39 +0800] [17183] [INFO] 127.0.0.1:50823 GET /api/state 1.1 200 3486 656
DEBUG    [SERVER] Algorithm client processed tick 26
DEBUG    [SERVER] 电梯0 状态:constant_speed->constant_speed 方向:up 位置:4.3 目标:5
DEBUG    [SERVER] 电梯1 状态:start_down->start_down 方向:up 位置:3.9 目标:4
DEBUG    [SERVER] Event emitted: elevator_move with data {'elevator': 0, 'from_position': 4.3, 'to_position': 4.5, 'direction': 'up', 'status': 'constant_speed'}
DEBUG    [SERVER] Event emitted: stopped_at_floor with data {'elevator': 1, 'floor': 4, 'reason': 'move_reached'}
DEBUG    [SERVER] Step completed - Final tick: 26, Total events: 2
DEBUG    [SERVER] Algorithm step: tick 26, events: 2
DEBUG    [SERVER] Stored 2 events for tick 26
[2025-10-23 20:48:39 +0800] [17183] [INFO] 127.0.0.1:50824 POST /api/step 1.1 200 368 746
[2025-10-23 20:48:39 +0800] [17183] [INFO] 127.0.0.1:50825 GET /api/state 1.1 200 3483 639
DEBUG    [SERVER] 电梯 E1 下一目的地设定为 F3
[2025-10-23 20:48:39 +0800] [17183] [INFO] 127.0.0.1:50826 POST /api/elevators/1/go_to_floor 1.1 200 17 672
DEBUG    [SERVER] Algorithm client processed tick 27
DEBUG    [SERVER] 电梯0 状态:constant_speed->constant_speed 方向:up 位置:4.5 目标:5
DEBUG    [SERVER] 电梯 E1 被设定为前往 F3
DEBUG    [SERVER] 电梯1 状态:stopped->stopped
DEBUG    [SERVER] Event emitted: passenger_board with data {'elevator': 1, 'floor': 4, 'passenger': 3}
DEBUG    [SERVER] Event emitted: passenger_board with data {'elevator': 1, 'floor': 4, 'passenger': 6}
DEBUG    [SERVER] Event emitted: passenger_board with data {'elevator': 1, 'floor': 4, 'passenger': 14}
DEBUG    [SERVER] 电梯1 状态:stopped->start_up 方向:down 位置:4.0 目标:4
DEBUG    [SERVER] Event emitted: elevator_move with data {'elevator': 0, 'from_position': 4.5, 'to_position': 4.7, 'direction': 'up', 'status': 'constant_speed'}
DEBUG    [SERVER] Event emitted: elevator_move with data {'elevator': 1, 'from_position': 4.0, 'to_position': 3.9, 'direction': 'down', 'status': 'start_up'}
DEBUG    [SERVER] Step completed - Final tick: 27, Total events: 5
DEBUG    [SERVER] Algorithm step: tick 27, events: 5
DEBUG    [SERVER] Stored 5 events for tick 27
[2025-10-23 20:48:39 +0800] [17183] [INFO] 127.0.0.1:50827 POST /api/step 1.1 200 824 718
[2025-10-23 20:48:39 +0800] [17183] [INFO] 127.0.0.1:50828 GET /api/state 1.1 200 3481 797
DEBUG    [SERVER] Algorithm client processed tick 28
DEBUG    [SERVER] 电梯0 状态:constant_speed->constant_speed 方向:up 位置:4.7 目标:5
DEBUG    [SERVER] 电梯1 状态:start_up->constant_speed 方向:down 位置:3.9 目标:3
DEBUG    [SERVER] 乘客   16： 创建 | PassengerInfo(id=16, origin=5, destination=4, arrive_tick=28, pickup_tick=0, dropoff_tick=0, arrived=False, elevator_id=None)
DEBUG    [SERVER] Event emitted: down_button_pressed with data {'floor': 5, 'passenger': 16}
DEBUG    [SERVER] Event emitted: elevator_move with data {'elevator': 0, 'from_position': 4.7, 'to_position': 4.9, 'direction': 'up', 'status': 'constant_speed'}
DEBUG    [SERVER] Event emitted: elevator_approaching with data {'elevator': 0, 'floor': 5, 'direction': 'up'}
DEBUG    [SERVER] Event emitted: elevator_move with data {'elevator': 1, 'from_position': 3.9, 'to_position': 3.7, 'direction': 'down', 'status': 'constant_speed'}
DEBUG    [SERVER] Step completed - Final tick: 28, Total events: 4
DEBUG    [SERVER] Algorithm step: tick 28, events: 4
DEBUG    [SERVER] Stored 4 events for tick 28
[2025-10-23 20:48:39 +0800] [17183] [INFO] 127.0.0.1:50829 POST /api/step 1.1 200 690 726
[2025-10-23 20:48:39 +0800] [17183] [INFO] 127.0.0.1:50830 GET /api/state 1.1 200 3631 641
DEBUG    [SERVER] Algorithm client processed tick 29
DEBUG    [SERVER] 电梯0 状态:start_down->start_down 方向:up 位置:4.9 目标:5
DEBUG    [SERVER] 电梯1 状态:constant_speed->constant_speed 方向:down 位置:3.7 目标:3
DEBUG    [SERVER] Event emitted: stopped_at_floor with data {'elevator': 0, 'floor': 5, 'reason': 'move_reached'}
DEBUG    [SERVER] Event emitted: elevator_move with data {'elevator': 1, 'from_position': 3.7, 'to_position': 3.5, 'direction': 'down', 'status': 'constant_speed'}
DEBUG    [SERVER] Step completed - Final tick: 29, Total events: 2
DEBUG    [SERVER] Algorithm step: tick 29, events: 2
DEBUG    [SERVER] Stored 2 events for tick 29
[2025-10-23 20:48:39 +0800] [17183] [INFO] 127.0.0.1:50831 POST /api/step 1.1 200 370 726
[2025-10-23 20:48:39 +0800] [17183] [INFO] 127.0.0.1:50832 GET /api/state 1.1 200 3628 644
DEBUG    [SERVER] 电梯 E0 下一目的地设定为 F3
[2025-10-23 20:48:39 +0800] [17183] [INFO] 127.0.0.1:50833 POST /api/elevators/0/go_to_floor 1.1 200 17 649
DEBUG    [SERVER] Algorithm client processed tick 30
DEBUG    [SERVER] 电梯 E0 被设定为前往 F3
DEBUG    [SERVER] 电梯0 状态:stopped->stopped
DEBUG    [SERVER] Event emitted: passenger_board with data {'elevator': 0, 'floor': 5, 'passenger': 5}
DEBUG    [SERVER] Event emitted: passenger_board with data {'elevator': 0, 'floor': 5, 'passenger': 8}
DEBUG    [SERVER] Event emitted: passenger_board with data {'elevator': 0, 'floor': 5, 'passenger': 16}
DEBUG    [SERVER] 电梯0 状态:stopped->start_up 方向:down 位置:5.0 目标:5
DEBUG    [SERVER] 电梯1 状态:constant_speed->constant_speed 方向:down 位置:3.5 目标:3
DEBUG    [SERVER] 乘客   17： 创建 | PassengerInfo(id=17, origin=1, destination=0, arrive_tick=30, pickup_tick=0, dropoff_tick=0, arrived=False, elevator_id=None)
DEBUG    [SERVER] Event emitted: down_button_pressed with data {'floor': 1, 'passenger': 17}
DEBUG    [SERVER] Event emitted: elevator_move with data {'elevator': 0, 'from_position': 5.0, 'to_position': 4.9, 'direction': 'down', 'status': 'start_up'}
DEBUG    [SERVER] Event emitted: elevator_move with data {'elevator': 1, 'from_position': 3.5, 'to_position': 3.3, 'direction': 'down', 'status': 'constant_speed'}
DEBUG    [SERVER] Step completed - Final tick: 30, Total events: 6
DEBUG    [SERVER] Algorithm step: tick 30, events: 6
DEBUG    [SERVER] Stored 6 events for tick 30
[2025-10-23 20:48:39 +0800] [17183] [INFO] 127.0.0.1:50834 POST /api/step 1.1 200 953 711
[2025-10-23 20:48:39 +0800] [17183] [INFO] 127.0.0.1:50835 GET /api/state 1.1 200 3774 702
DEBUG    [SERVER] Algorithm client processed tick 31
DEBUG    [SERVER] 电梯0 状态:start_up->constant_speed 方向:down 位置:4.9 目标:3
DEBUG    [SERVER] 电梯1 状态:constant_speed->constant_speed 方向:down 位置:3.3 目标:3
DEBUG    [SERVER] Event emitted: elevator_move with data {'elevator': 0, 'from_position': 4.9, 'to_position': 4.7, 'direction': 'down', 'status': 'constant_speed'}
DEBUG    [SERVER] Event emitted: elevator_move with data {'elevator': 1, 'from_position': 3.3, 'to_position': 3.1, 'direction': 'down', 'status': 'constant_speed'}
DEBUG    [SERVER] Event emitted: elevator_approaching with data {'elevator': 1, 'floor': 3, 'direction': 'down'}
DEBUG    [SERVER] Step completed - Final tick: 31, Total events: 3
DEBUG    [SERVER] Algorithm step: tick 31, events: 3
DEBUG    [SERVER] Stored 3 events for tick 31
[2025-10-23 20:48:39 +0800] [17183] [INFO] 127.0.0.1:50836 POST /api/step 1.1 200 567 750
[2025-10-23 20:48:39 +0800] [17183] [INFO] 127.0.0.1:50837 GET /api/state 1.1 200 3776 649
DEBUG    [SERVER] 电梯 E1 被设定为前往 F3
DEBUG    [SERVER] 电梯1 状态:start_down->start_down
[2025-10-23 20:48:39 +0800] [17183] [INFO] 127.0.0.1:50838 POST /api/elevators/1/go_to_floor 1.1 200 17 708
DEBUG    [SERVER] Algorithm client processed tick 32
DEBUG    [SERVER] 电梯0 状态:constant_speed->constant_speed 方向:down 位置:4.7 目标:3
DEBUG    [SERVER] 电梯1 状态:start_down->start_down 方向:down 位置:3.1 目标:3
DEBUG    [SERVER] 乘客   18： 创建 | PassengerInfo(id=18, origin=3, destination=0, arrive_tick=32, pickup_tick=0, dropoff_tick=0, arrived=False, elevator_id=None)
DEBUG    [SERVER] Event emitted: down_button_pressed with data {'floor': 3, 'passenger': 18}
DEBUG    [SERVER] Event emitted: elevator_move with data {'elevator': 0, 'from_position': 4.7, 'to_position': 4.5, 'direction': 'down', 'status': 'constant_speed'}
DEBUG    [SERVER] Event emitted: stopped_at_floor with data {'elevator': 1, 'floor': 3, 'reason': 'move_reached'}
DEBUG    [SERVER] Step completed - Final tick: 32, Total events: 3
DEBUG    [SERVER] Algorithm step: tick 32, events: 3
DEBUG    [SERVER] Stored 3 events for tick 32
[2025-10-23 20:48:39 +0800] [17183] [INFO] 127.0.0.1:50839 POST /api/step 1.1 200 497 724
[2025-10-23 20:48:39 +0800] [17183] [INFO] 127.0.0.1:50840 GET /api/state 1.1 200 3920 679
DEBUG    [SERVER] 电梯 E1 下一目的地设定为 F2
[2025-10-23 20:48:39 +0800] [17183] [INFO] 127.0.0.1:50841 POST /api/elevators/1/go_to_floor 1.1 200 17 649
DEBUG    [SERVER] Algorithm client processed tick 33
DEBUG    [SERVER] 电梯0 状态:constant_speed->constant_speed 方向:down 位置:4.5 目标:3
DEBUG    [SERVER] 电梯 E1 被设定为前往 F2
DEBUG    [SERVER] 电梯1 状态:stopped->stopped
DEBUG    [SERVER] Event emitted: passenger_board with data {'elevator': 1, 'floor': 3, 'passenger': 4}
DEBUG    [SERVER] Event emitted: passenger_board with data {'elevator': 1, 'floor': 3, 'passenger': 9}
DEBUG    [SERVER] Event emitted: passenger_board with data {'elevator': 1, 'floor': 3, 'passenger': 10}
DEBUG    [SERVER] Event emitted: passenger_board with data {'elevator': 1, 'floor': 3, 'passenger': 13}
DEBUG    [SERVER] Event emitted: passenger_board with data {'elevator': 1, 'floor': 3, 'passenger': 15}
DEBUG    [SERVER] 电梯1 状态:stopped->start_up 方向:down 位置:3.0 目标:3
DEBUG    [SERVER] Event emitted: elevator_move with data {'elevator': 0, 'from_position': 4.5, 'to_position': 4.3, 'direction': 'down', 'status': 'constant_speed'}
DEBUG    [SERVER] Event emitted: elevator_move with data {'elevator': 1, 'from_position': 3.0, 'to_position': 2.9, 'direction': 'down', 'status': 'start_up'}
DEBUG    [SERVER] Step completed - Final tick: 33, Total events: 7
DEBUG    [SERVER] Algorithm step: tick 33, events: 7
DEBUG    [SERVER] Stored 7 events for tick 33
[2025-10-23 20:48:39 +0800] [17183] [INFO] 127.0.0.1:50842 POST /api/step 1.1 200 1102 887
[2025-10-23 20:48:39 +0800] [17183] [INFO] 127.0.0.1:50843 GET /api/state 1.1 200 3912 633
DEBUG    [SERVER] Algorithm client processed tick 34
DEBUG    [SERVER] 电梯0 状态:constant_speed->constant_speed 方向:down 位置:4.3 目标:3
DEBUG    [SERVER] 电梯1 状态:start_up->constant_speed 方向:down 位置:2.9 目标:2
DEBUG    [SERVER] Event emitted: elevator_move with data {'elevator': 0, 'from_position': 4.3, 'to_position': 4.1, 'direction': 'down', 'status': 'constant_speed'}
DEBUG    [SERVER] Event emitted: elevator_approaching with data {'elevator': 0, 'floor': 4, 'direction': 'down'}
DEBUG    [SERVER] Event emitted: elevator_move with data {'elevator': 1, 'from_position': 2.9, 'to_position': 2.7, 'direction': 'down', 'status': 'constant_speed'}
DEBUG    [SERVER] Step completed - Final tick: 34, Total events: 3
DEBUG    [SERVER] Algorithm step: tick 34, events: 3
DEBUG    [SERVER] Stored 3 events for tick 34
[2025-10-23 20:48:39 +0800] [17183] [INFO] 127.0.0.1:50844 POST /api/step 1.1 200 567 702
[2025-10-23 20:48:39 +0800] [17183] [INFO] 127.0.0.1:50845 GET /api/state 1.1 200 3918 675
DEBUG    [SERVER] 电梯 E0 被设定为前往 F4
DEBUG    [SERVER] 电梯 E0 被设定为减速
DEBUG    [SERVER] 电梯0 状态:start_down->start_down
[2025-10-23 20:48:39 +0800] [17183] [INFO] 127.0.0.1:50846 POST /api/elevators/0/go_to_floor 1.1 200 17 673
DEBUG    [SERVER] Algorithm client processed tick 35
DEBUG    [SERVER] 电梯0 状态:start_down->start_down 方向:down 位置:4.1 目标:4
DEBUG    [SERVER] 电梯1 状态:constant_speed->constant_speed 方向:down 位置:2.7 目标:2
DEBUG    [SERVER] 乘客   19： 创建 | PassengerInfo(id=19, origin=4, destination=0, arrive_tick=35, pickup_tick=0, dropoff_tick=0, arrived=False, elevator_id=None)
DEBUG    [SERVER] Event emitted: down_button_pressed with data {'floor': 4, 'passenger': 19}
DEBUG    [SERVER] Event emitted: stopped_at_floor with data {'elevator': 0, 'floor': 4, 'reason': 'move_reached'}
DEBUG    [SERVER] Event emitted: elevator_move with data {'elevator': 1, 'from_position': 2.7, 'to_position': 2.5, 'direction': 'down', 'status': 'constant_speed'}
DEBUG    [SERVER] Event emitted: passenger_alight with data {'elevator': 0, 'floor': 4, 'passenger': 16}
DEBUG    [SERVER] Step completed - Final tick: 35, Total events: 4
DEBUG    [SERVER] Algorithm step: tick 35, events: 4
DEBUG    [SERVER] Stored 4 events for tick 35
[2025-10-23 20:48:39 +0800] [17183] [INFO] 127.0.0.1:50847 POST /api/step 1.1 200 636 732
[2025-10-23 20:48:39 +0800] [17183] [INFO] 127.0.0.1:50848 GET /api/state 1.1 200 4060 756
DEBUG    [SERVER] 电梯 E0 下一目的地设定为 F3
[2025-10-23 20:48:39 +0800] [17183] [INFO] 127.0.0.1:50849 POST /api/elevators/0/go_to_floor 1.1 200 17 678
DEBUG    [SERVER] Algorithm client processed tick 36
DEBUG    [SERVER] 电梯 E0 被设定为前往 F3
DEBUG    [SERVER] 电梯0 状态:stopped->stopped
DEBUG    [SERVER] Event emitted: passenger_board with data {'elevator': 0, 'floor': 4, 'passenger': 19}
DEBUG    [SERVER] 电梯0 状态:stopped->start_up 方向:down 位置:4.0 目标:4
DEBUG    [SERVER] 电梯1 状态:constant_speed->constant_speed 方向:down 位置:2.5 目标:2
DEBUG    [SERVER] Event emitted: elevator_move with data {'elevator': 0, 'from_position': 4.0, 'to_position': 3.9, 'direction': 'down', 'status': 'start_up'}
DEBUG    [SERVER] Event emitted: elevator_move with data {'elevator': 1, 'from_position': 2.5, 'to_position': 2.3, 'direction': 'down', 'status': 'constant_speed'}
DEBUG    [SERVER] Step completed - Final tick: 36, Total events: 3
DEBUG    [SERVER] Algorithm step: tick 36, events: 3
DEBUG    [SERVER] Stored 3 events for tick 36
[2025-10-23 20:48:39 +0800] [17183] [INFO] 127.0.0.1:50850 POST /api/step 1.1 200 552 691
[2025-10-23 20:48:39 +0800] [17183] [INFO] 127.0.0.1:50851 GET /api/state 1.1 200 4062 711
DEBUG    [SERVER] Algorithm client processed tick 37
DEBUG    [SERVER] 电梯0 状态:start_up->constant_speed 方向:down 位置:3.9 目标:3
DEBUG    [SERVER] 电梯1 状态:constant_speed->constant_speed 方向:down 位置:2.3 目标:2
DEBUG    [SERVER] 乘客   20： 创建 | PassengerInfo(id=20, origin=4, destination=0, arrive_tick=37, pickup_tick=0, dropoff_tick=0, arrived=False, elevator_id=None)
DEBUG    [SERVER] Event emitted: down_button_pressed with data {'floor': 4, 'passenger': 20}
DEBUG    [SERVER] Event emitted: elevator_move with data {'elevator': 0, 'from_position': 3.9, 'to_position': 3.7, 'direction': 'down', 'status': 'constant_speed'}
DEBUG    [SERVER] Event emitted: elevator_move with data {'elevator': 1, 'from_position': 2.3, 'to_position': 2.1, 'direction': 'down', 'status': 'constant_speed'}
DEBUG    [SERVER] Event emitted: elevator_approaching with data {'elevator': 1, 'floor': 2, 'direction': 'down'}
DEBUG    [SERVER] Step completed - Final tick: 37, Total events: 4
DEBUG    [SERVER] Algorithm step: tick 37, events: 4
DEBUG    [SERVER] Stored 4 events for tick 37
[2025-10-23 20:48:39 +0800] [17183] [INFO] 127.0.0.1:50852 POST /api/step 1.1 200 694 710
[2025-10-23 20:48:39 +0800] [17183] [INFO] 127.0.0.1:50853 GET /api/state 1.1 200 4210 693
DEBUG    [SERVER] 电梯 E1 被设定为前往 F2
DEBUG    [SERVER] 电梯1 状态:start_down->start_down
[2025-10-23 20:48:39 +0800] [17183] [INFO] 127.0.0.1:50854 POST /api/elevators/1/go_to_floor 1.1 200 17 829
DEBUG    [SERVER] Algorithm client processed tick 38
DEBUG    [SERVER] 电梯0 状态:constant_speed->constant_speed 方向:down 位置:3.7 目标:3
DEBUG    [SERVER] 电梯1 状态:start_down->start_down 方向:down 位置:2.1 目标:2
DEBUG    [SERVER] Event emitted: elevator_move with data {'elevator': 0, 'from_position': 3.7, 'to_position': 3.5, 'direction': 'down', 'status': 'constant_speed'}
DEBUG    [SERVER] Event emitted: stopped_at_floor with data {'elevator': 1, 'floor': 2, 'reason': 'move_reached'}
DEBUG    [SERVER] Event emitted: passenger_alight with data {'elevator': 1, 'floor': 2, 'passenger': 13}
DEBUG    [SERVER] Step completed - Final tick: 38, Total events: 3
DEBUG    [SERVER] Algorithm step: tick 38, events: 3
DEBUG    [SERVER] Stored 3 events for tick 38
[2025-10-23 20:48:39 +0800] [17183] [INFO] 127.0.0.1:50855 POST /api/step 1.1 200 509 750
[2025-10-23 20:48:39 +0800] [17183] [INFO] 127.0.0.1:50856 GET /api/state 1.1 200 4203 682
DEBUG    [SERVER] 电梯 E1 下一目的地设定为 F1
[2025-10-23 20:48:39 +0800] [17183] [INFO] 127.0.0.1:50857 POST /api/elevators/1/go_to_floor 1.1 200 17 645
DEBUG    [SERVER] Algorithm client processed tick 39
DEBUG    [SERVER] 电梯0 状态:constant_speed->constant_speed 方向:down 位置:3.5 目标:3
DEBUG    [SERVER] 电梯 E1 被设定为前往 F1
DEBUG    [SERVER] 电梯1 状态:stopped->stopped
DEBUG    [SERVER] Event emitted: passenger_board with data {'elevator': 1, 'floor': 2, 'passenger': 1}
DEBUG    [SERVER] 电梯1 状态:stopped->start_up 方向:down 位置:2.0 目标:2
DEBUG    [SERVER] 乘客   21： 创建 | PassengerInfo(id=21, origin=1, destination=0, arrive_tick=39, pickup_tick=0, dropoff_tick=0, arrived=False, elevator_id=None)
DEBUG    [SERVER] Event emitted: down_button_pressed with data {'floor': 1, 'passenger': 21}
DEBUG    [SERVER] Event emitted: elevator_move with data {'elevator': 0, 'from_position': 3.5, 'to_position': 3.3, 'direction': 'down', 'status': 'constant_speed'}
DEBUG    [SERVER] Event emitted: elevator_move with data {'elevator': 1, 'from_position': 2.0, 'to_position': 1.9, 'direction': 'down', 'status': 'start_up'}
DEBUG    [SERVER] Step completed - Final tick: 39, Total events: 4
DEBUG    [SERVER] Algorithm step: tick 39, events: 4
DEBUG    [SERVER] Stored 4 events for tick 39
[2025-10-23 20:48:39 +0800] [17183] [INFO] 127.0.0.1:50858 POST /api/step 1.1 200 678 764
[2025-10-23 20:48:39 +0800] [17183] [INFO] 127.0.0.1:50859 GET /api/state 1.1 200 4351 699
DEBUG    [SERVER] Algorithm client processed tick 40
DEBUG    [SERVER] 电梯0 状态:constant_speed->constant_speed 方向:down 位置:3.3 目标:3
DEBUG    [SERVER] 电梯1 状态:start_up->constant_speed 方向:down 位置:1.9 目标:1
DEBUG    [SERVER] 乘客   22： 创建 | PassengerInfo(id=22, origin=5, destination=0, arrive_tick=40, pickup_tick=0, dropoff_tick=0, arrived=False, elevator_id=None)
DEBUG    [SERVER] Event emitted: down_button_pressed with data {'floor': 5, 'passenger': 22}
DEBUG    [SERVER] Event emitted: elevator_move with data {'elevator': 0, 'from_position': 3.3, 'to_position': 3.1, 'direction': 'down', 'status': 'constant_speed'}
DEBUG    [SERVER] Event emitted: elevator_approaching with data {'elevator': 0, 'floor': 3, 'direction': 'down'}
DEBUG    [SERVER] Event emitted: elevator_move with data {'elevator': 1, 'from_position': 1.9, 'to_position': 1.7, 'direction': 'down', 'status': 'constant_speed'}
DEBUG    [SERVER] Step completed - Final tick: 40, Total events: 4
DEBUG    [SERVER] Algorithm step: tick 40, events: 4
DEBUG    [SERVER] Stored 4 events for tick 40
[2025-10-23 20:48:39 +0800] [17183] [INFO] 127.0.0.1:50860 POST /api/step 1.1 200 694 731
[2025-10-23 20:48:39 +0800] [17183] [INFO] 127.0.0.1:50861 GET /api/state 1.1 200 4499 662
DEBUG    [SERVER] 电梯 E0 被设定为前往 F3
DEBUG    [SERVER] 电梯0 状态:start_down->start_down
[2025-10-23 20:48:39 +0800] [17183] [INFO] 127.0.0.1:50862 POST /api/elevators/0/go_to_floor 1.1 200 17 969
DEBUG    [SERVER] Algorithm client processed tick 41
DEBUG    [SERVER] 电梯0 状态:start_down->start_down 方向:down 位置:3.1 目标:3
DEBUG    [SERVER] 电梯1 状态:constant_speed->constant_speed 方向:down 位置:1.7 目标:1
DEBUG    [SERVER] 乘客   23： 创建 | PassengerInfo(id=23, origin=5, destination=0, arrive_tick=41, pickup_tick=0, dropoff_tick=0, arrived=False, elevator_id=None)
DEBUG    [SERVER] Event emitted: down_button_pressed with data {'floor': 5, 'passenger': 23}
DEBUG    [SERVER] Event emitted: stopped_at_floor with data {'elevator': 0, 'floor': 3, 'reason': 'move_reached'}
DEBUG    [SERVER] Event emitted: elevator_move with data {'elevator': 1, 'from_position': 1.7, 'to_position': 1.5, 'direction': 'down', 'status': 'constant_speed'}
DEBUG    [SERVER] Step completed - Final tick: 41, Total events: 3
DEBUG    [SERVER] Algorithm step: tick 41, events: 3
DEBUG    [SERVER] Stored 3 events for tick 41
[2025-10-23 20:48:39 +0800] [17183] [INFO] 127.0.0.1:50863 POST /api/step 1.1 200 497 701
[2025-10-23 20:48:39 +0800] [17183] [INFO] 127.0.0.1:50864 GET /api/state 1.1 200 4643 682
DEBUG    [SERVER] 电梯 E0 下一目的地设定为 F2
[2025-10-23 20:48:39 +0800] [17183] [INFO] 127.0.0.1:50865 POST /api/elevators/0/go_to_floor 1.1 200 17 735
DEBUG    [SERVER] Algorithm client processed tick 42
DEBUG    [SERVER] 电梯 E0 被设定为前往 F2
DEBUG    [SERVER] 电梯0 状态:stopped->stopped
DEBUG    [SERVER] Event emitted: passenger_board with data {'elevator': 0, 'floor': 3, 'passenger': 18}
DEBUG    [SERVER] 电梯0 状态:stopped->start_up 方向:down 位置:3.0 目标:3
DEBUG    [SERVER] 电梯1 状态:constant_speed->constant_speed 方向:down 位置:1.5 目标:1
DEBUG    [SERVER] 乘客   24： 创建 | PassengerInfo(id=24, origin=5, destination=0, arrive_tick=42, pickup_tick=0, dropoff_tick=0, arrived=False, elevator_id=None)
DEBUG    [SERVER] Event emitted: down_button_pressed with data {'floor': 5, 'passenger': 24}
DEBUG    [SERVER] Event emitted: elevator_move with data {'elevator': 0, 'from_position': 3.0, 'to_position': 2.9, 'direction': 'down', 'status': 'start_up'}
DEBUG    [SERVER] Event emitted: elevator_move with data {'elevator': 1, 'from_position': 1.5, 'to_position': 1.3, 'direction': 'down', 'status': 'constant_speed'}
DEBUG    [SERVER] Step completed - Final tick: 42, Total events: 4
DEBUG    [SERVER] Algorithm step: tick 42, events: 4
DEBUG    [SERVER] Stored 4 events for tick 42
[2025-10-23 20:48:39 +0800] [17183] [INFO] 127.0.0.1:50866 POST /api/step 1.1 200 679 5094
[2025-10-23 20:48:39 +0800] [17183] [INFO] 127.0.0.1:50867 GET /api/state 1.1 200 4793 684
DEBUG    [SERVER] Algorithm client processed tick 43
DEBUG    [SERVER] 电梯0 状态:start_up->constant_speed 方向:down 位置:2.9 目标:2
DEBUG    [SERVER] 电梯1 状态:constant_speed->constant_speed 方向:down 位置:1.3 目标:1
DEBUG    [SERVER] Event emitted: elevator_move with data {'elevator': 0, 'from_position': 2.9, 'to_position': 2.7, 'direction': 'down', 'status': 'constant_speed'}
DEBUG    [SERVER] Event emitted: elevator_move with data {'elevator': 1, 'from_position': 1.3, 'to_position': 1.1, 'direction': 'down', 'status': 'constant_speed'}
DEBUG    [SERVER] Event emitted: elevator_approaching with data {'elevator': 1, 'floor': 1, 'direction': 'down'}
DEBUG    [SERVER] Step completed - Final tick: 43, Total events: 3
DEBUG    [SERVER] Algorithm step: tick 43, events: 3
DEBUG    [SERVER] Stored 3 events for tick 43
[2025-10-23 20:48:39 +0800] [17183] [INFO] 127.0.0.1:50868 POST /api/step 1.1 200 567 732
[2025-10-23 20:48:39 +0800] [17183] [INFO] 127.0.0.1:50869 GET /api/state 1.1 200 4795 732
DEBUG    [SERVER] Algorithm client processed tick 44
DEBUG    [SERVER] 电梯0 状态:constant_speed->constant_speed 方向:down 位置:2.7 目标:2
DEBUG    [SERVER] 电梯1 状态:start_down->start_down 方向:down 位置:1.1 目标:1
DEBUG    [SERVER] 乘客   25： 创建 | PassengerInfo(id=25, origin=2, destination=1, arrive_tick=44, pickup_tick=0, dropoff_tick=0, arrived=False, elevator_id=None)
DEBUG    [SERVER] Event emitted: down_button_pressed with data {'floor': 2, 'passenger': 25}
DEBUG    [SERVER] Event emitted: elevator_move with data {'elevator': 0, 'from_position': 2.7, 'to_position': 2.5, 'direction': 'down', 'status': 'constant_speed'}
DEBUG    [SERVER] Event emitted: stopped_at_floor with data {'elevator': 1, 'floor': 1, 'reason': 'move_reached'}
DEBUG    [SERVER] Step completed - Final tick: 44, Total events: 3
DEBUG    [SERVER] Algorithm step: tick 44, events: 3
DEBUG    [SERVER] Stored 3 events for tick 44
[2025-10-23 20:48:39 +0800] [17183] [INFO] 127.0.0.1:50870 POST /api/step 1.1 200 497 723
[2025-10-23 20:48:39 +0800] [17183] [INFO] 127.0.0.1:50871 GET /api/state 1.1 200 4939 707
DEBUG    [SERVER] 电梯 E1 下一目的地设定为 F0
[2025-10-23 20:48:39 +0800] [17183] [INFO] 127.0.0.1:50872 POST /api/elevators/1/go_to_floor 1.1 200 17 713
DEBUG    [SERVER] Algorithm client processed tick 45
DEBUG    [SERVER] 电梯0 状态:constant_speed->constant_speed 方向:down 位置:2.5 目标:2
DEBUG    [SERVER] 电梯 E1 被设定为前往 F0
DEBUG    [SERVER] 电梯1 状态:stopped->stopped
DEBUG    [SERVER] 电梯1 状态:stopped->start_up 方向:down 位置:1.0 目标:1
DEBUG    [SERVER] 乘客   26： 创建 | PassengerInfo(id=26, origin=4, destination=0, arrive_tick=45, pickup_tick=0, dropoff_tick=0, arrived=False, elevator_id=None)
DEBUG    [SERVER] Event emitted: down_button_pressed with data {'floor': 4, 'passenger': 26}
DEBUG    [SERVER] Event emitted: elevator_move with data {'elevator': 0, 'from_position': 2.5, 'to_position': 2.3, 'direction': 'down', 'status': 'constant_speed'}
DEBUG    [SERVER] Event emitted: elevator_move with data {'elevator': 1, 'from_position': 1.0, 'to_position': 0.9, 'direction': 'down', 'status': 'start_up'}
DEBUG    [SERVER] Step completed - Final tick: 45, Total events: 3
DEBUG    [SERVER] Algorithm step: tick 45, events: 3
DEBUG    [SERVER] Stored 3 events for tick 45
[2025-10-23 20:48:39 +0800] [17183] [INFO] 127.0.0.1:50873 POST /api/step 1.1 200 541 756
[2025-10-23 20:48:39 +0800] [17183] [INFO] 127.0.0.1:50874 GET /api/state 1.1 200 5089 678
DEBUG    [SERVER] Algorithm client processed tick 46
DEBUG    [SERVER] 电梯0 状态:constant_speed->constant_speed 方向:down 位置:2.3 目标:2
DEBUG    [SERVER] 电梯1 状态:start_up->constant_speed 方向:down 位置:0.9 目标:0
DEBUG    [SERVER] 乘客   27： 创建 | PassengerInfo(id=27, origin=1, destination=0, arrive_tick=46, pickup_tick=0, dropoff_tick=0, arrived=False, elevator_id=None)
DEBUG    [SERVER] Event emitted: down_button_pressed with data {'floor': 1, 'passenger': 27}
DEBUG    [SERVER] Event emitted: elevator_move with data {'elevator': 0, 'from_position': 2.3, 'to_position': 2.1, 'direction': 'down', 'status': 'constant_speed'}
DEBUG    [SERVER] Event emitted: elevator_approaching with data {'elevator': 0, 'floor': 2, 'direction': 'down'}
DEBUG    [SERVER] Event emitted: elevator_move with data {'elevator': 1, 'from_position': 0.9, 'to_position': 0.7, 'direction': 'down', 'status': 'constant_speed'}
DEBUG    [SERVER] Step completed - Final tick: 46, Total events: 4
DEBUG    [SERVER] Algorithm step: tick 46, events: 4
DEBUG    [SERVER] Stored 4 events for tick 46
[2025-10-23 20:48:39 +0800] [17183] [INFO] 127.0.0.1:50875 POST /api/step 1.1 200 694 856
[2025-10-23 20:48:39 +0800] [17183] [INFO] 127.0.0.1:50876 GET /api/state 1.1 200 5239 669
DEBUG    [SERVER] 电梯 E0 被设定为前往 F2
DEBUG    [SERVER] 电梯0 状态:start_down->start_down
[2025-10-23 20:48:39 +0800] [17183] [INFO] 127.0.0.1:50877 POST /api/elevators/0/go_to_floor 1.1 200 17 669
DEBUG    [SERVER] Algorithm client processed tick 47
DEBUG    [SERVER] 电梯0 状态:start_down->start_down 方向:down 位置:2.1 目标:2
DEBUG    [SERVER] 电梯1 状态:constant_speed->constant_speed 方向:down 位置:0.7 目标:0
DEBUG    [SERVER] Event emitted: stopped_at_floor with data {'elevator': 0, 'floor': 2, 'reason': 'move_reached'}
DEBUG    [SERVER] Event emitted: elevator_move with data {'elevator': 1, 'from_position': 0.7, 'to_position': 0.5, 'direction': 'down', 'status': 'constant_speed'}
DEBUG    [SERVER] Step completed - Final tick: 47, Total events: 2
DEBUG    [SERVER] Algorithm step: tick 47, events: 2
DEBUG    [SERVER] Stored 2 events for tick 47
[2025-10-23 20:48:39 +0800] [17183] [INFO] 127.0.0.1:50878 POST /api/step 1.1 200 370 705
[2025-10-23 20:48:39 +0800] [17183] [INFO] 127.0.0.1:50879 GET /api/state 1.1 200 5235 740
DEBUG    [SERVER] 电梯 E0 下一目的地设定为 F1
[2025-10-23 20:48:39 +0800] [17183] [INFO] 127.0.0.1:50880 POST /api/elevators/0/go_to_floor 1.1 200 17 685
DEBUG    [SERVER] Algorithm client processed tick 48
DEBUG    [SERVER] 电梯 E0 被设定为前往 F1
DEBUG    [SERVER] 电梯0 状态:stopped->stopped
DEBUG    [SERVER] Event emitted: passenger_board with data {'elevator': 0, 'floor': 2, 'passenger': 2}
DEBUG    [SERVER] Event emitted: passenger_board with data {'elevator': 0, 'floor': 2, 'passenger': 11}
DEBUG    [SERVER] Event emitted: passenger_board with data {'elevator': 0, 'floor': 2, 'passenger': 25}
DEBUG    [SERVER] 电梯0 状态:stopped->start_up 方向:down 位置:2.0 目标:2
DEBUG    [SERVER] 电梯1 状态:constant_speed->constant_speed 方向:down 位置:0.5 目标:0
DEBUG    [SERVER] Event emitted: elevator_move with data {'elevator': 0, 'from_position': 2.0, 'to_position': 1.9, 'direction': 'down', 'status': 'start_up'}
DEBUG    [SERVER] Event emitted: elevator_move with data {'elevator': 1, 'from_position': 0.5, 'to_position': 0.3, 'direction': 'down', 'status': 'constant_speed'}
DEBUG    [SERVER] Step completed - Final tick: 48, Total events: 5
DEBUG    [SERVER] Algorithm step: tick 48, events: 5
DEBUG    [SERVER] Stored 5 events for tick 48
[2025-10-23 20:48:39 +0800] [17183] [INFO] 127.0.0.1:50881 POST /api/step 1.1 200 827 858
[2025-10-23 20:48:39 +0800] [17183] [INFO] 127.0.0.1:50882 GET /api/state 1.1 200 5233 694
DEBUG    [SERVER] Algorithm client processed tick 49
DEBUG    [SERVER] 电梯0 状态:start_up->constant_speed 方向:down 位置:1.9 目标:1
DEBUG    [SERVER] 电梯1 状态:constant_speed->constant_speed 方向:down 位置:0.3 目标:0
DEBUG    [SERVER] 乘客   28： 创建 | PassengerInfo(id=28, origin=3, destination=0, arrive_tick=49, pickup_tick=0, dropoff_tick=0, arrived=False, elevator_id=None)
DEBUG    [SERVER] Event emitted: down_button_pressed with data {'floor': 3, 'passenger': 28}
DEBUG    [SERVER] Event emitted: elevator_move with data {'elevator': 0, 'from_position': 1.9, 'to_position': 1.7, 'direction': 'down', 'status': 'constant_speed'}
DEBUG    [SERVER] Event emitted: elevator_move with data {'elevator': 1, 'from_position': 0.3, 'to_position': 0.1, 'direction': 'down', 'status': 'constant_speed'}
DEBUG    [SERVER] Event emitted: elevator_approaching with data {'elevator': 1, 'floor': 0, 'direction': 'down'}
DEBUG    [SERVER] Step completed - Final tick: 49, Total events: 4
DEBUG    [SERVER] Algorithm step: tick 49, events: 4
DEBUG    [SERVER] Stored 4 events for tick 49
[2025-10-23 20:48:39 +0800] [17183] [INFO] 127.0.0.1:50883 POST /api/step 1.1 200 694 722
[2025-10-23 20:48:39 +0800] [17183] [INFO] 127.0.0.1:50884 GET /api/state 1.1 200 5381 671
DEBUG    [SERVER] 电梯 E1 被设定为前往 F0
DEBUG    [SERVER] 电梯1 状态:start_down->start_down
[2025-10-23 20:48:39 +0800] [17183] [INFO] 127.0.0.1:50885 POST /api/elevators/1/go_to_floor 1.1 200 17 756
DEBUG    [SERVER] Algorithm client processed tick 50
DEBUG    [SERVER] 电梯0 状态:constant_speed->constant_speed 方向:down 位置:1.7 目标:1
DEBUG    [SERVER] 电梯1 状态:start_down->start_down 方向:down 位置:0.1 目标:0
DEBUG    [SERVER] 乘客   29： 创建 | PassengerInfo(id=29, origin=5, destination=0, arrive_tick=50, pickup_tick=0, dropoff_tick=0, arrived=False, elevator_id=None)
DEBUG    [SERVER] Event emitted: down_button_pressed with data {'floor': 5, 'passenger': 29}
DEBUG    [SERVER] Event emitted: elevator_move with data {'elevator': 0, 'from_position': 1.7, 'to_position': 1.5, 'direction': 'down', 'status': 'constant_speed'}
DEBUG    [SERVER] Event emitted: stopped_at_floor with data {'elevator': 1, 'floor': 0, 'reason': 'move_reached'}
DEBUG    [SERVER] Event emitted: passenger_alight with data {'elevator': 1, 'floor': 0, 'passenger': 3}
DEBUG    [SERVER] Event emitted: passenger_alight with data {'elevator': 1, 'floor': 0, 'passenger': 6}
DEBUG    [SERVER] Event emitted: passenger_alight with data {'elevator': 1, 'floor': 0, 'passenger': 14}
DEBUG    [SERVER] Event emitted: passenger_alight with data {'elevator': 1, 'floor': 0, 'passenger': 4}
DEBUG    [SERVER] Event emitted: passenger_alight with data {'elevator': 1, 'floor': 0, 'passenger': 9}
DEBUG    [SERVER] Event emitted: passenger_alight with data {'elevator': 1, 'floor': 0, 'passenger': 10}
DEBUG    [SERVER] Event emitted: passenger_alight with data {'elevator': 1, 'floor': 0, 'passenger': 15}
DEBUG    [SERVER] Event emitted: passenger_alight with data {'elevator': 1, 'floor': 0, 'passenger': 1}
DEBUG    [SERVER] Step completed - Final tick: 50, Total events: 11
DEBUG    [SERVER] Algorithm step: tick 50, events: 11
DEBUG    [SERVER] Stored 11 events for tick 50
[2025-10-23 20:48:39 +0800] [17183] [INFO] 127.0.0.1:50886 POST /api/step 1.1 200 1604 741
[2025-10-23 20:48:39 +0800] [17183] [INFO] 127.0.0.1:50887 GET /api/state 1.1 200 5532 669
DEBUG    [SERVER] 电梯 E1 下一目的地设定为 F1
[2025-10-23 20:48:39 +0800] [17183] [INFO] 127.0.0.1:50888 POST /api/elevators/1/go_to_floor 1.1 200 17 660
DEBUG    [SERVER] Algorithm client processed tick 51
DEBUG    [SERVER] 电梯0 状态:constant_speed->constant_speed 方向:down 位置:1.5 目标:1
DEBUG    [SERVER] 电梯 E1 被设定为前往 F1
DEBUG    [SERVER] 电梯1 状态:stopped->stopped
DEBUG    [SERVER] 电梯1 状态:stopped->start_up 方向:up 位置:0.0 目标:0
DEBUG    [SERVER] 乘客   30： 创建 | PassengerInfo(id=30, origin=5, destination=0, arrive_tick=51, pickup_tick=0, dropoff_tick=0, arrived=False, elevator_id=None)
DEBUG    [SERVER] Event emitted: down_button_pressed with data {'floor': 5, 'passenger': 30}
DEBUG    [SERVER] Event emitted: elevator_move with data {'elevator': 0, 'from_position': 1.5, 'to_position': 1.3, 'direction': 'down', 'status': 'constant_speed'}
DEBUG    [SERVER] Event emitted: elevator_move with data {'elevator': 1, 'from_position': 0.0, 'to_position': 0.1, 'direction': 'up', 'status': 'start_up'}
DEBUG    [SERVER] Step completed - Final tick: 51, Total events: 3
DEBUG    [SERVER] Algorithm step: tick 51, events: 3
DEBUG    [SERVER] Stored 3 events for tick 51
[2025-10-23 20:48:39 +0800] [17183] [INFO] 127.0.0.1:50889 POST /api/step 1.1 200 539 823
[2025-10-23 20:48:39 +0800] [17183] [INFO] 127.0.0.1:50890 GET /api/state 1.1 200 5679 723
DEBUG    [SERVER] Algorithm client processed tick 52
DEBUG    [SERVER] 电梯0 状态:constant_speed->constant_speed 方向:down 位置:1.3 目标:1
DEBUG    [SERVER] 电梯1 状态:start_up->constant_speed 方向:up 位置:0.1 目标:1
DEBUG    [SERVER] 乘客   31： 创建 | PassengerInfo(id=31, origin=4, destination=3, arrive_tick=52, pickup_tick=0, dropoff_tick=0, arrived=False, elevator_id=None)
DEBUG    [SERVER] Event emitted: down_button_pressed with data {'floor': 4, 'passenger': 31}
DEBUG    [SERVER] Event emitted: elevator_move with data {'elevator': 0, 'from_position': 1.3, 'to_position': 1.1, 'direction': 'down', 'status': 'constant_speed'}
DEBUG    [SERVER] Event emitted: elevator_approaching with data {'elevator': 0, 'floor': 1, 'direction': 'down'}
DEBUG    [SERVER] Event emitted: elevator_move with data {'elevator': 1, 'from_position': 0.1, 'to_position': 0.3, 'direction': 'up', 'status': 'constant_speed'}
DEBUG    [SERVER] Step completed - Final tick: 52, Total events: 4
DEBUG    [SERVER] Algorithm step: tick 52, events: 4
DEBUG    [SERVER] Stored 4 events for tick 52
[2025-10-23 20:48:39 +0800] [17183] [INFO] 127.0.0.1:50891 POST /api/step 1.1 200 692 753
[2025-10-23 20:48:39 +0800] [17183] [INFO] 127.0.0.1:50892 GET /api/state 1.1 200 5829 685
DEBUG    [SERVER] 电梯 E0 被设定为前往 F1
DEBUG    [SERVER] 电梯0 状态:start_down->start_down
[2025-10-23 20:48:39 +0800] [17183] [INFO] 127.0.0.1:50893 POST /api/elevators/0/go_to_floor 1.1 200 17 731
DEBUG    [SERVER] Algorithm client processed tick 53
DEBUG    [SERVER] 电梯0 状态:start_down->start_down 方向:down 位置:1.1 目标:1
DEBUG    [SERVER] 电梯1 状态:constant_speed->constant_speed 方向:up 位置:0.3 目标:1
DEBUG    [SERVER] 乘客   32： 创建 | PassengerInfo(id=32, origin=3, destination=1, arrive_tick=53, pickup_tick=0, dropoff_tick=0, arrived=False, elevator_id=None)
DEBUG    [SERVER] Event emitted: down_button_pressed with data {'floor': 3, 'passenger': 32}
DEBUG    [SERVER] Event emitted: stopped_at_floor with data {'elevator': 0, 'floor': 1, 'reason': 'move_reached'}
DEBUG    [SERVER] Event emitted: elevator_move with data {'elevator': 1, 'from_position': 0.3, 'to_position': 0.5, 'direction': 'up', 'status': 'constant_speed'}
DEBUG    [SERVER] Event emitted: passenger_alight with data {'elevator': 0, 'floor': 1, 'passenger': 2}
DEBUG    [SERVER] Event emitted: passenger_alight with data {'elevator': 0, 'floor': 1, 'passenger': 25}
DEBUG    [SERVER] Step completed - Final tick: 53, Total events: 5
DEBUG    [SERVER] Algorithm step: tick 53, events: 5
DEBUG    [SERVER] Stored 5 events for tick 53
[2025-10-23 20:48:39 +0800] [17183] [INFO] 127.0.0.1:50894 POST /api/step 1.1 200 772 745
[2025-10-23 20:48:39 +0800] [17183] [INFO] 127.0.0.1:50895 GET /api/state 1.1 200 5995 685
DEBUG    [SERVER] 电梯 E0 下一目的地设定为 F0
[2025-10-23 20:48:39 +0800] [17183] [INFO] 127.0.0.1:50896 POST /api/elevators/0/go_to_floor 1.1 200 17 673
DEBUG    [SERVER] Algorithm client processed tick 54
DEBUG    [SERVER] 电梯 E0 被设定为前往 F0
DEBUG    [SERVER] 电梯0 状态:stopped->stopped
DEBUG    [SERVER] Event emitted: passenger_board with data {'elevator': 0, 'floor': 1, 'passenger': 7}
DEBUG    [SERVER] Event emitted: passenger_board with data {'elevator': 0, 'floor': 1, 'passenger': 12}
DEBUG    [SERVER] Event emitted: passenger_board with data {'elevator': 0, 'floor': 1, 'passenger': 17}
DEBUG    [SERVER] 电梯0 状态:stopped->start_up 方向:down 位置:1.0 目标:1
DEBUG    [SERVER] 电梯1 状态:constant_speed->constant_speed 方向:up 位置:0.5 目标:1
DEBUG    [SERVER] Event emitted: elevator_move with data {'elevator': 0, 'from_position': 1.0, 'to_position': 0.9, 'direction': 'down', 'status': 'start_up'}
DEBUG    [SERVER] Event emitted: elevator_move with data {'elevator': 1, 'from_position': 0.5, 'to_position': 0.7, 'direction': 'up', 'status': 'constant_speed'}
DEBUG    [SERVER] Step completed - Final tick: 54, Total events: 5
DEBUG    [SERVER] Algorithm step: tick 54, events: 5
DEBUG    [SERVER] Stored 5 events for tick 54
[2025-10-23 20:48:39 +0800] [17183] [INFO] 127.0.0.1:50897 POST /api/step 1.1 200 825 787
[2025-10-23 20:48:39 +0800] [17183] [INFO] 127.0.0.1:50898 GET /api/state 1.1 200 5991 674
DEBUG    [SERVER] Algorithm client processed tick 55
DEBUG    [SERVER] 电梯0 状态:start_up->constant_speed 方向:down 位置:0.9 目标:0
DEBUG    [SERVER] 电梯1 状态:constant_speed->constant_speed 方向:up 位置:0.7 目标:1
DEBUG    [SERVER] 乘客   33： 创建 | PassengerInfo(id=33, origin=3, destination=0, arrive_tick=55, pickup_tick=0, dropoff_tick=0, arrived=False, elevator_id=None)
DEBUG    [SERVER] Event emitted: down_button_pressed with data {'floor': 3, 'passenger': 33}
DEBUG    [SERVER] Event emitted: elevator_move with data {'elevator': 0, 'from_position': 0.9, 'to_position': 0.7, 'direction': 'down', 'status': 'constant_speed'}
DEBUG    [SERVER] Event emitted: elevator_move with data {'elevator': 1, 'from_position': 0.7, 'to_position': 0.9, 'direction': 'up', 'status': 'constant_speed'}
DEBUG    [SERVER] Event emitted: elevator_approaching with data {'elevator': 1, 'floor': 1, 'direction': 'up'}
DEBUG    [SERVER] Step completed - Final tick: 55, Total events: 4
DEBUG    [SERVER] Algorithm step: tick 55, events: 4
DEBUG    [SERVER] Stored 4 events for tick 55
[2025-10-23 20:48:39 +0800] [17183] [INFO] 127.0.0.1:50899 POST /api/step 1.1 200 690 749
[2025-10-23 20:48:39 +0800] [17183] [INFO] 127.0.0.1:50900 GET /api/state 1.1 200 6141 694
DEBUG    [SERVER] Algorithm client processed tick 56
DEBUG    [SERVER] 电梯0 状态:constant_speed->constant_speed 方向:down 位置:0.7 目标:0
DEBUG    [SERVER] 电梯1 状态:start_down->start_down 方向:up 位置:0.9 目标:1
DEBUG    [SERVER] Event emitted: elevator_move with data {'elevator': 0, 'from_position': 0.7, 'to_position': 0.5, 'direction': 'down', 'status': 'constant_speed'}
DEBUG    [SERVER] Event emitted: stopped_at_floor with data {'elevator': 1, 'floor': 1, 'reason': 'move_reached'}
DEBUG    [SERVER] Step completed - Final tick: 56, Total events: 2
DEBUG    [SERVER] Algorithm step: tick 56, events: 2
DEBUG    [SERVER] Stored 2 events for tick 56
[2025-10-23 20:48:39 +0800] [17183] [INFO] 127.0.0.1:50901 POST /api/step 1.1 200 370 752
[2025-10-23 20:48:39 +0800] [17183] [INFO] 127.0.0.1:50902 GET /api/state 1.1 200 6138 687
DEBUG    [SERVER] 电梯 E1 下一目的地设定为 F2
[2025-10-23 20:48:39 +0800] [17183] [INFO] 127.0.0.1:50903 POST /api/elevators/1/go_to_floor 1.1 200 17 753
DEBUG    [SERVER] Algorithm client processed tick 57
DEBUG    [SERVER] 电梯0 状态:constant_speed->constant_speed 方向:down 位置:0.5 目标:0
DEBUG    [SERVER] 电梯 E1 被设定为前往 F2
DEBUG    [SERVER] 电梯1 状态:stopped->stopped
DEBUG    [SERVER] 电梯1 状态:stopped->start_up 方向:up 位置:1.0 目标:1
DEBUG    [SERVER] Event emitted: elevator_move with data {'elevator': 0, 'from_position': 0.5, 'to_position': 0.3, 'direction': 'down', 'status': 'constant_speed'}
DEBUG    [SERVER] Event emitted: elevator_move with data {'elevator': 1, 'from_position': 1.0, 'to_position': 1.1, 'direction': 'up', 'status': 'start_up'}
DEBUG    [SERVER] Step completed - Final tick: 57, Total events: 2
DEBUG    [SERVER] Algorithm step: tick 57, events: 2
DEBUG    [SERVER] Stored 2 events for tick 57
[2025-10-23 20:48:39 +0800] [17183] [INFO] 127.0.0.1:50904 POST /api/step 1.1 200 412 727
[2025-10-23 20:48:39 +0800] [17183] [INFO] 127.0.0.1:50905 GET /api/state 1.1 200 6139 759
DEBUG    [SERVER] Algorithm client processed tick 58
DEBUG    [SERVER] 电梯0 状态:constant_speed->constant_speed 方向:down 位置:0.3 目标:0
DEBUG    [SERVER] 电梯1 状态:start_up->constant_speed 方向:up 位置:1.1 目标:2
DEBUG    [SERVER] 乘客   34： 创建 | PassengerInfo(id=34, origin=5, destination=0, arrive_tick=58, pickup_tick=0, dropoff_tick=0, arrived=False, elevator_id=None)
DEBUG    [SERVER] Event emitted: down_button_pressed with data {'floor': 5, 'passenger': 34}
DEBUG    [SERVER] Event emitted: elevator_move with data {'elevator': 0, 'from_position': 0.3, 'to_position': 0.1, 'direction': 'down', 'status': 'constant_speed'}
DEBUG    [SERVER] Event emitted: elevator_approaching with data {'elevator': 0, 'floor': 0, 'direction': 'down'}
DEBUG    [SERVER] Event emitted: elevator_move with data {'elevator': 1, 'from_position': 1.1, 'to_position': 1.3, 'direction': 'up', 'status': 'constant_speed'}
DEBUG    [SERVER] Step completed - Final tick: 58, Total events: 4
DEBUG    [SERVER] Algorithm step: tick 58, events: 4
DEBUG    [SERVER] Stored 4 events for tick 58
[2025-10-23 20:48:39 +0800] [17183] [INFO] 127.0.0.1:50906 POST /api/step 1.1 200 692 717
[2025-10-23 20:48:39 +0800] [17183] [INFO] 127.0.0.1:50907 GET /api/state 1.1 200 6289 705
DEBUG    [SERVER] 电梯 E0 被设定为前往 F0
DEBUG    [SERVER] 电梯0 状态:start_down->start_down
[2025-10-23 20:48:39 +0800] [17183] [INFO] 127.0.0.1:50908 POST /api/elevators/0/go_to_floor 1.1 200 17 725
DEBUG    [SERVER] Algorithm client processed tick 59
DEBUG    [SERVER] 电梯0 状态:start_down->start_down 方向:down 位置:0.1 目标:0
DEBUG    [SERVER] 电梯1 状态:constant_speed->constant_speed 方向:up 位置:1.3 目标:2
DEBUG    [SERVER] 乘客   35： 创建 | PassengerInfo(id=35, origin=3, destination=0, arrive_tick=59, pickup_tick=0, dropoff_tick=0, arrived=False, elevator_id=None)
DEBUG    [SERVER] Event emitted: down_button_pressed with data {'floor': 3, 'passenger': 35}
DEBUG    [SERVER] Event emitted: stopped_at_floor with data {'elevator': 0, 'floor': 0, 'reason': 'move_reached'}
DEBUG    [SERVER] Event emitted: elevator_move with data {'elevator': 1, 'from_position': 1.3, 'to_position': 1.5, 'direction': 'up', 'status': 'constant_speed'}
DEBUG    [SERVER] Event emitted: passenger_alight with data {'elevator': 0, 'floor': 0, 'passenger': 5}
DEBUG    [SERVER] Event emitted: passenger_alight with data {'elevator': 0, 'floor': 0, 'passenger': 8}
DEBUG    [SERVER] Event emitted: passenger_alight with data {'elevator': 0, 'floor': 0, 'passenger': 19}
DEBUG    [SERVER] Event emitted: passenger_alight with data {'elevator': 0, 'floor': 0, 'passenger': 18}
DEBUG    [SERVER] Event emitted: passenger_alight with data {'elevator': 0, 'floor': 0, 'passenger': 11}
DEBUG    [SERVER] Event emitted: passenger_alight with data {'elevator': 0, 'floor': 0, 'passenger': 7}
DEBUG    [SERVER] Event emitted: passenger_alight with data {'elevator': 0, 'floor': 0, 'passenger': 12}
DEBUG    [SERVER] Event emitted: passenger_alight with data {'elevator': 0, 'floor': 0, 'passenger': 17}
DEBUG    [SERVER] Step completed - Final tick: 59, Total events: 11
DEBUG    [SERVER] Algorithm step: tick 59, events: 11
DEBUG    [SERVER] Stored 11 events for tick 59
[2025-10-23 20:48:39 +0800] [17183] [INFO] 127.0.0.1:50909 POST /api/step 1.1 200 1604 770
[2025-10-23 20:48:39 +0800] [17183] [INFO] 127.0.0.1:50910 GET /api/state 1.1 200 6378 673
DEBUG    [SERVER] 电梯 E0 下一目的地设定为 F1
[2025-10-23 20:48:39 +0800] [17183] [INFO] 127.0.0.1:50911 POST /api/elevators/0/go_to_floor 1.1 200 17 2604
DEBUG    [SERVER] Algorithm client processed tick 60
DEBUG    [SERVER] 电梯 E0 被设定为前往 F1
DEBUG    [SERVER] 电梯0 状态:stopped->stopped
DEBUG    [SERVER] 电梯0 状态:stopped->start_up 方向:up 位置:0.0 目标:0
DEBUG    [SERVER] 电梯1 状态:constant_speed->constant_speed 方向:up 位置:1.5 目标:2
DEBUG    [SERVER] 乘客   36： 创建 | PassengerInfo(id=36, origin=4, destination=3, arrive_tick=60, pickup_tick=0, dropoff_tick=0, arrived=False, elevator_id=None)
DEBUG    [SERVER] Event emitted: down_button_pressed with data {'floor': 4, 'passenger': 36}
DEBUG    [SERVER] Event emitted: elevator_move with data {'elevator': 0, 'from_position': 0.0, 'to_position': 0.1, 'direction': 'up', 'status': 'start_up'}
DEBUG    [SERVER] Event emitted: elevator_move with data {'elevator': 1, 'from_position': 1.5, 'to_position': 1.7, 'direction': 'up', 'status': 'constant_speed'}
DEBUG    [SERVER] Step completed - Final tick: 60, Total events: 3
DEBUG    [SERVER] Algorithm step: tick 60, events: 3
DEBUG    [SERVER] Stored 3 events for tick 60
[2025-10-23 20:48:39 +0800] [17183] [INFO] 127.0.0.1:50912 POST /api/step 1.1 200 537 1190
[2025-10-23 20:48:39 +0800] [17183] [INFO] 127.0.0.1:50913 GET /api/state 1.1 200 6525 769
DEBUG    [SERVER] Algorithm client processed tick 61
DEBUG    [SERVER] 电梯0 状态:start_up->constant_speed 方向:up 位置:0.1 目标:1
DEBUG    [SERVER] 电梯1 状态:constant_speed->constant_speed 方向:up 位置:1.7 目标:2
DEBUG    [SERVER] Event emitted: elevator_move with data {'elevator': 0, 'from_position': 0.1, 'to_position': 0.3, 'direction': 'up', 'status': 'constant_speed'}
DEBUG    [SERVER] Event emitted: elevator_move with data {'elevator': 1, 'from_position': 1.7, 'to_position': 1.9, 'direction': 'up', 'status': 'constant_speed'}
DEBUG    [SERVER] Event emitted: elevator_approaching with data {'elevator': 1, 'floor': 2, 'direction': 'up'}
DEBUG    [SERVER] Step completed - Final tick: 61, Total events: 3
DEBUG    [SERVER] Algorithm step: tick 61, events: 3
DEBUG    [SERVER] Stored 3 events for tick 61
[2025-10-23 20:48:39 +0800] [17183] [INFO] 127.0.0.1:50914 POST /api/step 1.1 200 561 813
[2025-10-23 20:48:39 +0800] [17183] [INFO] 127.0.0.1:50915 GET /api/state 1.1 200 6527 794
DEBUG    [SERVER] 电梯 E1 被设定为前往 F2
DEBUG    [SERVER] 电梯1 状态:start_down->start_down
[2025-10-23 20:48:39 +0800] [17183] [INFO] 127.0.0.1:50916 POST /api/elevators/1/go_to_floor 1.1 200 17 759
DEBUG    [SERVER] Algorithm client processed tick 62
DEBUG    [SERVER] 电梯0 状态:constant_speed->constant_speed 方向:up 位置:0.3 目标:1
DEBUG    [SERVER] 电梯1 状态:start_down->start_down 方向:up 位置:1.9 目标:2
DEBUG    [SERVER] 乘客   37： 创建 | PassengerInfo(id=37, origin=5, destination=0, arrive_tick=62, pickup_tick=0, dropoff_tick=0, arrived=False, elevator_id=None)
DEBUG    [SERVER] Event emitted: down_button_pressed with data {'floor': 5, 'passenger': 37}
DEBUG    [SERVER] Event emitted: elevator_move with data {'elevator': 0, 'from_position': 0.3, 'to_position': 0.5, 'direction': 'up', 'status': 'constant_speed'}
DEBUG    [SERVER] Event emitted: stopped_at_floor with data {'elevator': 1, 'floor': 2, 'reason': 'move_reached'}
DEBUG    [SERVER] Step completed - Final tick: 62, Total events: 3
DEBUG    [SERVER] Algorithm step: tick 62, events: 3
DEBUG    [SERVER] Stored 3 events for tick 62
[2025-10-23 20:48:39 +0800] [17183] [INFO] 127.0.0.1:50917 POST /api/step 1.1 200 495 761
[2025-10-23 20:48:39 +0800] [17183] [INFO] 127.0.0.1:50918 GET /api/state 1.1 200 6672 697
DEBUG    [SERVER] 电梯 E1 下一目的地设定为 F3
[2025-10-23 20:48:39 +0800] [17183] [INFO] 127.0.0.1:50919 POST /api/elevators/1/go_to_floor 1.1 200 17 793
DEBUG    [SERVER] Algorithm client processed tick 63
DEBUG    [SERVER] 电梯0 状态:constant_speed->constant_speed 方向:up 位置:0.5 目标:1
DEBUG    [SERVER] 电梯 E1 被设定为前往 F3
DEBUG    [SERVER] 电梯1 状态:stopped->stopped
DEBUG    [SERVER] 电梯1 状态:stopped->start_up 方向:up 位置:2.0 目标:2
DEBUG    [SERVER] 乘客   38： 创建 | PassengerInfo(id=38, origin=4, destination=0, arrive_tick=63, pickup_tick=0, dropoff_tick=0, arrived=False, elevator_id=None)
DEBUG    [SERVER] Event emitted: down_button_pressed with data {'floor': 4, 'passenger': 38}
DEBUG    [SERVER] Event emitted: elevator_move with data {'elevator': 0, 'from_position': 0.5, 'to_position': 0.7, 'direction': 'up', 'status': 'constant_speed'}
DEBUG    [SERVER] Event emitted: elevator_move with data {'elevator': 1, 'from_position': 2.0, 'to_position': 2.1, 'direction': 'up', 'status': 'start_up'}
DEBUG    [SERVER] Step completed - Final tick: 63, Total events: 3
DEBUG    [SERVER] Algorithm step: tick 63, events: 3
DEBUG    [SERVER] Stored 3 events for tick 63
[2025-10-23 20:48:39 +0800] [17183] [INFO] 127.0.0.1:50920 POST /api/step 1.1 200 537 735
[2025-10-23 20:48:39 +0800] [17183] [INFO] 127.0.0.1:50921 GET /api/state 1.1 200 6821 715
DEBUG    [SERVER] Algorithm client processed tick 64
DEBUG    [SERVER] 电梯0 状态:constant_speed->constant_speed 方向:up 位置:0.7 目标:1
DEBUG    [SERVER] 电梯1 状态:start_up->constant_speed 方向:up 位置:2.1 目标:3
DEBUG    [SERVER] Event emitted: elevator_move with data {'elevator': 0, 'from_position': 0.7, 'to_position': 0.9, 'direction': 'up', 'status': 'constant_speed'}
DEBUG    [SERVER] Event emitted: elevator_approaching with data {'elevator': 0, 'floor': 1, 'direction': 'up'}
DEBUG    [SERVER] Event emitted: elevator_move with data {'elevator': 1, 'from_position': 2.1, 'to_position': 2.3, 'direction': 'up', 'status': 'constant_speed'}
DEBUG    [SERVER] Step completed - Final tick: 64, Total events: 3
DEBUG    [SERVER] Algorithm step: tick 64, events: 3
DEBUG    [SERVER] Stored 3 events for tick 64
[2025-10-23 20:48:39 +0800] [17183] [INFO] 127.0.0.1:50922 POST /api/step 1.1 200 561 696
[2025-10-23 20:48:39 +0800] [17183] [INFO] 127.0.0.1:50923 GET /api/state 1.1 200 6823 803
DEBUG    [SERVER] 电梯 E0 被设定为前往 F1
DEBUG    [SERVER] 电梯0 状态:start_down->start_down
[2025-10-23 20:48:39 +0800] [17183] [INFO] 127.0.0.1:50924 POST /api/elevators/0/go_to_floor 1.1 200 17 685
DEBUG    [SERVER] Algorithm client processed tick 65
DEBUG    [SERVER] 电梯0 状态:start_down->start_down 方向:up 位置:0.9 目标:1
DEBUG    [SERVER] 电梯1 状态:constant_speed->constant_speed 方向:up 位置:2.3 目标:3
DEBUG    [SERVER] 乘客   39： 创建 | PassengerInfo(id=39, origin=4, destination=0, arrive_tick=65, pickup_tick=0, dropoff_tick=0, arrived=False, elevator_id=None)
DEBUG    [SERVER] Event emitted: down_button_pressed with data {'floor': 4, 'passenger': 39}
DEBUG    [SERVER] Event emitted: stopped_at_floor with data {'elevator': 0, 'floor': 1, 'reason': 'move_reached'}
DEBUG    [SERVER] Event emitted: elevator_move with data {'elevator': 1, 'from_position': 2.3, 'to_position': 2.5, 'direction': 'up', 'status': 'constant_speed'}
DEBUG    [SERVER] Step completed - Final tick: 65, Total events: 3
DEBUG    [SERVER] Algorithm step: tick 65, events: 3
DEBUG    [SERVER] Stored 3 events for tick 65
[2025-10-23 20:48:39 +0800] [17183] [INFO] 127.0.0.1:50925 POST /api/step 1.1 200 495 755
[2025-10-23 20:48:39 +0800] [17183] [INFO] 127.0.0.1:50926 GET /api/state 1.1 200 6968 850
DEBUG    [SERVER] 电梯 E0 下一目的地设定为 F4
[2025-10-23 20:48:39 +0800] [17183] [INFO] 127.0.0.1:50927 POST /api/elevators/0/go_to_floor 1.1 200 17 676
DEBUG    [SERVER] Algorithm client processed tick 66
DEBUG    [SERVER] 电梯 E0 被设定为前往 F4
DEBUG    [SERVER] 电梯0 状态:stopped->stopped
DEBUG    [SERVER] 电梯0 状态:stopped->start_up 方向:up 位置:1.0 目标:1
DEBUG    [SERVER] 电梯1 状态:constant_speed->constant_speed 方向:up 位置:2.5 目标:3
DEBUG    [SERVER] Event emitted: elevator_move with data {'elevator': 0, 'from_position': 1.0, 'to_position': 1.1, 'direction': 'up', 'status': 'start_up'}
DEBUG    [SERVER] Event emitted: elevator_move with data {'elevator': 1, 'from_position': 2.5, 'to_position': 2.7, 'direction': 'up', 'status': 'constant_speed'}
DEBUG    [SERVER] Step completed - Final tick: 66, Total events: 2
DEBUG    [SERVER] Algorithm step: tick 66, events: 2
DEBUG    [SERVER] Stored 2 events for tick 66
[2025-10-23 20:48:39 +0800] [17183] [INFO] 127.0.0.1:50928 POST /api/step 1.1 200 410 690
[2025-10-23 20:48:39 +0800] [17183] [INFO] 127.0.0.1:50929 GET /api/state 1.1 200 6969 766
DEBUG    [SERVER] Algorithm client processed tick 67
DEBUG    [SERVER] 电梯0 状态:start_up->constant_speed 方向:up 位置:1.1 目标:4
DEBUG    [SERVER] 电梯1 状态:constant_speed->constant_speed 方向:up 位置:2.7 目标:3
DEBUG    [SERVER] Event emitted: elevator_move with data {'elevator': 0, 'from_position': 1.1, 'to_position': 1.3, 'direction': 'up', 'status': 'constant_speed'}
DEBUG    [SERVER] Event emitted: elevator_move with data {'elevator': 1, 'from_position': 2.7, 'to_position': 2.9, 'direction': 'up', 'status': 'constant_speed'}
DEBUG    [SERVER] Event emitted: elevator_approaching with data {'elevator': 1, 'floor': 3, 'direction': 'up'}
DEBUG    [SERVER] Step completed - Final tick: 67, Total events: 3
DEBUG    [SERVER] Algorithm step: tick 67, events: 3
DEBUG    [SERVER] Stored 3 events for tick 67
[2025-10-23 20:48:39 +0800] [17183] [INFO] 127.0.0.1:50930 POST /api/step 1.1 200 561 705
[2025-10-23 20:48:39 +0800] [17183] [INFO] 127.0.0.1:50931 GET /api/state 1.1 200 6971 684
DEBUG    [SERVER] Algorithm client processed tick 68
DEBUG    [SERVER] 电梯0 状态:constant_speed->constant_speed 方向:up 位置:1.3 目标:4
DEBUG    [SERVER] 电梯1 状态:start_down->start_down 方向:up 位置:2.9 目标:3
DEBUG    [SERVER] Event emitted: elevator_move with data {'elevator': 0, 'from_position': 1.3, 'to_position': 1.5, 'direction': 'up', 'status': 'constant_speed'}
DEBUG    [SERVER] Event emitted: stopped_at_floor with data {'elevator': 1, 'floor': 3, 'reason': 'move_reached'}
DEBUG    [SERVER] Step completed - Final tick: 68, Total events: 2
DEBUG    [SERVER] Algorithm step: tick 68, events: 2
DEBUG    [SERVER] Stored 2 events for tick 68
[2025-10-23 20:48:39 +0800] [17183] [INFO] 127.0.0.1:50932 POST /api/step 1.1 200 368 732
[2025-10-23 20:48:39 +0800] [17183] [INFO] 127.0.0.1:50933 GET /api/state 1.1 200 6968 687
DEBUG    [SERVER] 电梯 E1 下一目的地设定为 F5
[2025-10-23 20:48:39 +0800] [17183] [INFO] 127.0.0.1:50934 POST /api/elevators/1/go_to_floor 1.1 200 17 648
DEBUG    [SERVER] Algorithm client processed tick 69
DEBUG    [SERVER] 电梯0 状态:constant_speed->constant_speed 方向:up 位置:1.5 目标:4
DEBUG    [SERVER] 电梯 E1 被设定为前往 F5
DEBUG    [SERVER] 电梯1 状态:stopped->stopped
DEBUG    [SERVER] 电梯1 状态:stopped->start_up 方向:up 位置:3.0 目标:3
DEBUG    [SERVER] Event emitted: elevator_move with data {'elevator': 0, 'from_position': 1.5, 'to_position': 1.7, 'direction': 'up', 'status': 'constant_speed'}
DEBUG    [SERVER] Event emitted: elevator_move with data {'elevator': 1, 'from_position': 3.0, 'to_position': 3.1, 'direction': 'up', 'status': 'start_up'}
DEBUG    [SERVER] Step completed - Final tick: 69, Total events: 2
DEBUG    [SERVER] Algorithm step: tick 69, events: 2
DEBUG    [SERVER] Stored 2 events for tick 69
[2025-10-23 20:48:39 +0800] [17183] [INFO] 127.0.0.1:50935 POST /api/step 1.1 200 410 694
[2025-10-23 20:48:39 +0800] [17183] [INFO] 127.0.0.1:50936 GET /api/state 1.1 200 6969 761
DEBUG    [SERVER] Algorithm client processed tick 70
DEBUG    [SERVER] 电梯0 状态:constant_speed->constant_speed 方向:up 位置:1.7 目标:4
DEBUG    [SERVER] 电梯1 状态:start_up->constant_speed 方向:up 位置:3.1 目标:5
DEBUG    [SERVER] Event emitted: elevator_move with data {'elevator': 0, 'from_position': 1.7, 'to_position': 1.9, 'direction': 'up', 'status': 'constant_speed'}
DEBUG    [SERVER] Event emitted: elevator_approaching with data {'elevator': 0, 'floor': 2, 'direction': 'up'}
DEBUG    [SERVER] Event emitted: elevator_move with data {'elevator': 1, 'from_position': 3.1, 'to_position': 3.3, 'direction': 'up', 'status': 'constant_speed'}
DEBUG    [SERVER] Step completed - Final tick: 70, Total events: 3
DEBUG    [SERVER] Algorithm step: tick 70, events: 3
DEBUG    [SERVER] Stored 3 events for tick 70
[2025-10-23 20:48:39 +0800] [17183] [INFO] 127.0.0.1:50937 POST /api/step 1.1 200 561 702
[2025-10-23 20:48:39 +0800] [17183] [INFO] 127.0.0.1:50938 GET /api/state 1.1 200 6975 689
DEBUG    [SERVER] Algorithm client processed tick 71
DEBUG    [SERVER] 电梯0 状态:constant_speed->constant_speed 方向:up 位置:1.9 目标:4
DEBUG    [SERVER] 电梯1 状态:constant_speed->constant_speed 方向:up 位置:3.3 目标:5
DEBUG    [SERVER] 乘客   40： 创建 | PassengerInfo(id=40, origin=2, destination=0, arrive_tick=71, pickup_tick=0, dropoff_tick=0, arrived=False, elevator_id=None)
DEBUG    [SERVER] Event emitted: down_button_pressed with data {'floor': 2, 'passenger': 40}
DEBUG    [SERVER] Event emitted: elevator_move with data {'elevator': 0, 'from_position': 1.9, 'to_position': 2.1, 'direction': 'up', 'status': 'constant_speed'}
DEBUG    [SERVER] Event emitted: passing_floor with data {'elevator': 0, 'floor': 2, 'direction': 'up'}
DEBUG    [SERVER] Event emitted: elevator_move with data {'elevator': 1, 'from_position': 3.3, 'to_position': 3.5, 'direction': 'up', 'status': 'constant_speed'}
DEBUG    [SERVER] Step completed - Final tick: 71, Total events: 4
DEBUG    [SERVER] Algorithm step: tick 71, events: 4
DEBUG    [SERVER] Stored 4 events for tick 71
[2025-10-23 20:48:39 +0800] [17183] [INFO] 127.0.0.1:50939 POST /api/step 1.1 200 681 861
[2025-10-23 20:48:39 +0800] [17183] [INFO] 127.0.0.1:50940 GET /api/state 1.1 200 7121 750
DEBUG    [SERVER] Algorithm client processed tick 72
DEBUG    [SERVER] 电梯0 状态:constant_speed->constant_speed 方向:up 位置:2.1 目标:4
DEBUG    [SERVER] 电梯1 状态:constant_speed->constant_speed 方向:up 位置:3.5 目标:5
DEBUG    [SERVER] Event emitted: elevator_move with data {'elevator': 0, 'from_position': 2.1, 'to_position': 2.3, 'direction': 'up', 'status': 'constant_speed'}
DEBUG    [SERVER] Event emitted: elevator_move with data {'elevator': 1, 'from_position': 3.5, 'to_position': 3.7, 'direction': 'up', 'status': 'constant_speed'}
DEBUG    [SERVER] Step completed - Final tick: 72, Total events: 2
DEBUG    [SERVER] Algorithm step: tick 72, events: 2
DEBUG    [SERVER] Stored 2 events for tick 72
[2025-10-23 20:48:39 +0800] [17183] [INFO] 127.0.0.1:50941 POST /api/step 1.1 200 416 709
[2025-10-23 20:48:39 +0800] [17183] [INFO] 127.0.0.1:50942 GET /api/state 1.1 200 7121 698
DEBUG    [SERVER] Algorithm client processed tick 73
DEBUG    [SERVER] 电梯0 状态:constant_speed->constant_speed 方向:up 位置:2.3 目标:4
DEBUG    [SERVER] 电梯1 状态:constant_speed->constant_speed 方向:up 位置:3.7 目标:5
DEBUG    [SERVER] 乘客   41： 创建 | PassengerInfo(id=41, origin=4, destination=0, arrive_tick=73, pickup_tick=0, dropoff_tick=0, arrived=False, elevator_id=None)
DEBUG    [SERVER] Event emitted: down_button_pressed with data {'floor': 4, 'passenger': 41}
DEBUG    [SERVER] Event emitted: elevator_move with data {'elevator': 0, 'from_position': 2.3, 'to_position': 2.5, 'direction': 'up', 'status': 'constant_speed'}
DEBUG    [SERVER] Event emitted: elevator_move with data {'elevator': 1, 'from_position': 3.7, 'to_position': 3.9, 'direction': 'up', 'status': 'constant_speed'}
DEBUG    [SERVER] Event emitted: elevator_approaching with data {'elevator': 1, 'floor': 4, 'direction': 'up'}
DEBUG    [SERVER] Step completed - Final tick: 73, Total events: 4
DEBUG    [SERVER] Algorithm step: tick 73, events: 4
DEBUG    [SERVER] Stored 4 events for tick 73
[2025-10-23 20:48:39 +0800] [17183] [INFO] 127.0.0.1:50943 POST /api/step 1.1 200 688 859
[2025-10-23 20:48:39 +0800] [17183] [INFO] 127.0.0.1:50944 GET /api/state 1.1 200 7269 701
DEBUG    [SERVER] Algorithm client processed tick 74
DEBUG    [SERVER] 电梯0 状态:constant_speed->constant_speed 方向:up 位置:2.5 目标:4
DEBUG    [SERVER] 电梯1 状态:constant_speed->constant_speed 方向:up 位置:3.9 目标:5
DEBUG    [SERVER] 乘客   42： 创建 | PassengerInfo(id=42, origin=4, destination=0, arrive_tick=74, pickup_tick=0, dropoff_tick=0, arrived=False, elevator_id=None)
DEBUG    [SERVER] Event emitted: down_button_pressed with data {'floor': 4, 'passenger': 42}
DEBUG    [SERVER] Event emitted: elevator_move with data {'elevator': 0, 'from_position': 2.5, 'to_position': 2.7, 'direction': 'up', 'status': 'constant_speed'}
DEBUG    [SERVER] Event emitted: elevator_move with data {'elevator': 1, 'from_position': 3.9, 'to_position': 4.1, 'direction': 'up', 'status': 'constant_speed'}
DEBUG    [SERVER] Event emitted: passing_floor with data {'elevator': 1, 'floor': 4, 'direction': 'up'}
DEBUG    [SERVER] Step completed - Final tick: 74, Total events: 4
DEBUG    [SERVER] Algorithm step: tick 74, events: 4
DEBUG    [SERVER] Stored 4 events for tick 74
[2025-10-23 20:48:39 +0800] [17183] [INFO] 127.0.0.1:50945 POST /api/step 1.1 200 681 699
[2025-10-23 20:48:39 +0800] [17183] [INFO] 127.0.0.1:50946 GET /api/state 1.1 200 7417 690
DEBUG    [SERVER] Algorithm client processed tick 75
DEBUG    [SERVER] 电梯0 状态:constant_speed->constant_speed 方向:up 位置:2.7 目标:4
DEBUG    [SERVER] 电梯1 状态:constant_speed->constant_speed 方向:up 位置:4.1 目标:5
DEBUG    [SERVER] Event emitted: elevator_move with data {'elevator': 0, 'from_position': 2.7, 'to_position': 2.9, 'direction': 'up', 'status': 'constant_speed'}
DEBUG    [SERVER] Event emitted: elevator_approaching with data {'elevator': 0, 'floor': 3, 'direction': 'up'}
DEBUG    [SERVER] Event emitted: elevator_move with data {'elevator': 1, 'from_position': 4.1, 'to_position': 4.3, 'direction': 'up', 'status': 'constant_speed'}
DEBUG    [SERVER] Step completed - Final tick: 75, Total events: 3
DEBUG    [SERVER] Algorithm step: tick 75, events: 3
DEBUG    [SERVER] Stored 3 events for tick 75
[2025-10-23 20:48:39 +0800] [17183] [INFO] 127.0.0.1:50947 POST /api/step 1.1 200 561 756
[2025-10-23 20:48:39 +0800] [17183] [INFO] 127.0.0.1:50948 GET /api/state 1.1 200 7417 699
DEBUG    [SERVER] Algorithm client processed tick 76
DEBUG    [SERVER] 电梯0 状态:constant_speed->constant_speed 方向:up 位置:2.9 目标:4
DEBUG    [SERVER] 电梯1 状态:constant_speed->constant_speed 方向:up 位置:4.3 目标:5
DEBUG    [SERVER] Event emitted: elevator_move with data {'elevator': 0, 'from_position': 2.9, 'to_position': 3.1, 'direction': 'up', 'status': 'constant_speed'}
DEBUG    [SERVER] Event emitted: passing_floor with data {'elevator': 0, 'floor': 3, 'direction': 'up'}
DEBUG    [SERVER] Event emitted: elevator_move with data {'elevator': 1, 'from_position': 4.3, 'to_position': 4.5, 'direction': 'up', 'status': 'constant_speed'}
DEBUG    [SERVER] Step completed - Final tick: 76, Total events: 3
DEBUG    [SERVER] Algorithm step: tick 76, events: 3
DEBUG    [SERVER] Stored 3 events for tick 76
[2025-10-23 20:48:39 +0800] [17183] [INFO] 127.0.0.1:50949 POST /api/step 1.1 200 554 704
[2025-10-23 20:48:39 +0800] [17183] [INFO] 127.0.0.1:50950 GET /api/state 1.1 200 7417 740
DEBUG    [SERVER] Algorithm client processed tick 77
DEBUG    [SERVER] 电梯0 状态:constant_speed->constant_speed 方向:up 位置:3.1 目标:4
DEBUG    [SERVER] 电梯1 状态:constant_speed->constant_speed 方向:up 位置:4.5 目标:5
DEBUG    [SERVER] Event emitted: elevator_move with data {'elevator': 0, 'from_position': 3.1, 'to_position': 3.3, 'direction': 'up', 'status': 'constant_speed'}
DEBUG    [SERVER] Event emitted: elevator_move with data {'elevator': 1, 'from_position': 4.5, 'to_position': 4.7, 'direction': 'up', 'status': 'constant_speed'}
DEBUG    [SERVER] Step completed - Final tick: 77, Total events: 2
DEBUG    [SERVER] Algorithm step: tick 77, events: 2
DEBUG    [SERVER] Stored 2 events for tick 77
[2025-10-23 20:48:39 +0800] [17183] [INFO] 127.0.0.1:50951 POST /api/step 1.1 200 416 691
[2025-10-23 20:48:39 +0800] [17183] [INFO] 127.0.0.1:50952 GET /api/state 1.1 200 7417 729
DEBUG    [SERVER] Algorithm client processed tick 78
DEBUG    [SERVER] 电梯0 状态:constant_speed->constant_speed 方向:up 位置:3.3 目标:4
DEBUG    [SERVER] 电梯1 状态:constant_speed->constant_speed 方向:up 位置:4.7 目标:5
DEBUG    [SERVER] Event emitted: elevator_move with data {'elevator': 0, 'from_position': 3.3, 'to_position': 3.5, 'direction': 'up', 'status': 'constant_speed'}
DEBUG    [SERVER] Event emitted: elevator_move with data {'elevator': 1, 'from_position': 4.7, 'to_position': 4.9, 'direction': 'up', 'status': 'constant_speed'}
DEBUG    [SERVER] Event emitted: elevator_approaching with data {'elevator': 1, 'floor': 5, 'direction': 'up'}
DEBUG    [SERVER] Step completed - Final tick: 78, Total events: 3
DEBUG    [SERVER] Algorithm step: tick 78, events: 3
DEBUG    [SERVER] Stored 3 events for tick 78
[2025-10-23 20:48:39 +0800] [17183] [INFO] 127.0.0.1:50953 POST /api/step 1.1 200 561 746
[2025-10-23 20:48:39 +0800] [17183] [INFO] 127.0.0.1:50954 GET /api/state 1.1 200 7413 700
DEBUG    [SERVER] Algorithm client processed tick 79
DEBUG    [SERVER] 电梯0 状态:constant_speed->constant_speed 方向:up 位置:3.5 目标:4
DEBUG    [SERVER] 电梯1 状态:start_down->start_down 方向:up 位置:4.9 目标:5
DEBUG    [SERVER] 乘客   43： 创建 | PassengerInfo(id=43, origin=3, destination=0, arrive_tick=79, pickup_tick=0, dropoff_tick=0, arrived=False, elevator_id=None)
DEBUG    [SERVER] Event emitted: down_button_pressed with data {'floor': 3, 'passenger': 43}
DEBUG    [SERVER] Event emitted: elevator_move with data {'elevator': 0, 'from_position': 3.5, 'to_position': 3.7, 'direction': 'up', 'status': 'constant_speed'}
DEBUG    [SERVER] Event emitted: stopped_at_floor with data {'elevator': 1, 'floor': 5, 'reason': 'move_reached'}
DEBUG    [SERVER] Step completed - Final tick: 79, Total events: 3
DEBUG    [SERVER] Algorithm step: tick 79, events: 3
DEBUG    [SERVER] Stored 3 events for tick 79
[2025-10-23 20:48:39 +0800] [17183] [INFO] 127.0.0.1:50955 POST /api/step 1.1 200 495 708
[2025-10-23 20:48:39 +0800] [17183] [INFO] 127.0.0.1:50956 GET /api/state 1.1 200 7558 697
DEBUG    [SERVER] 电梯 E1 下一目的地设定为 F3
[2025-10-23 20:48:39 +0800] [17183] [INFO] 127.0.0.1:50957 POST /api/elevators/1/go_to_floor 1.1 200 17 966
DEBUG    [SERVER] Algorithm client processed tick 80
DEBUG    [SERVER] 电梯0 状态:constant_speed->constant_speed 方向:up 位置:3.7 目标:4
DEBUG    [SERVER] 电梯 E1 被设定为前往 F3
DEBUG    [SERVER] 电梯1 状态:stopped->stopped
DEBUG    [SERVER] Event emitted: passenger_board with data {'elevator': 1, 'floor': 5, 'passenger': 22}
DEBUG    [SERVER] Event emitted: passenger_board with data {'elevator': 1, 'floor': 5, 'passenger': 23}
DEBUG    [SERVER] Event emitted: passenger_board with data {'elevator': 1, 'floor': 5, 'passenger': 24}
DEBUG    [SERVER] Event emitted: passenger_board with data {'elevator': 1, 'floor': 5, 'passenger': 29}
DEBUG    [SERVER] Event emitted: passenger_board with data {'elevator': 1, 'floor': 5, 'passenger': 30}
DEBUG    [SERVER] Event emitted: passenger_board with data {'elevator': 1, 'floor': 5, 'passenger': 34}
DEBUG    [SERVER] Event emitted: passenger_board with data {'elevator': 1, 'floor': 5, 'passenger': 37}
DEBUG    [SERVER] 电梯1 状态:stopped->start_up 方向:down 位置:5.0 目标:5
DEBUG    [SERVER] Event emitted: elevator_move with data {'elevator': 0, 'from_position': 3.7, 'to_position': 3.9, 'direction': 'up', 'status': 'constant_speed'}
DEBUG    [SERVER] Event emitted: elevator_approaching with data {'elevator': 0, 'floor': 4, 'direction': 'up'}
DEBUG    [SERVER] Event emitted: elevator_move with data {'elevator': 1, 'from_position': 5.0, 'to_position': 4.9, 'direction': 'down', 'status': 'start_up'}
DEBUG    [SERVER] Step completed - Final tick: 80, Total events: 10
DEBUG    [SERVER] Algorithm step: tick 80, events: 10
DEBUG    [SERVER] Stored 10 events for tick 80
[2025-10-23 20:48:39 +0800] [17183] [INFO] 127.0.0.1:50958 POST /api/step 1.1 200 1523 771
[2025-10-23 20:48:39 +0800] [17183] [INFO] 127.0.0.1:50959 GET /api/state 1.1 200 7544 690
DEBUG    [SERVER] 电梯 E0 被设定为前往 F4
DEBUG    [SERVER] 电梯0 状态:start_down->start_down
[2025-10-23 20:48:39 +0800] [17183] [INFO] 127.0.0.1:50960 POST /api/elevators/0/go_to_floor 1.1 200 17 674
DEBUG    [SERVER] Algorithm client processed tick 81
DEBUG    [SERVER] 电梯0 状态:start_down->start_down 方向:up 位置:3.9 目标:4
DEBUG    [SERVER] 电梯1 状态:start_up->constant_speed 方向:down 位置:4.9 目标:3
DEBUG    [SERVER] Event emitted: stopped_at_floor with data {'elevator': 0, 'floor': 4, 'reason': 'move_reached'}
DEBUG    [SERVER] Event emitted: elevator_move with data {'elevator': 1, 'from_position': 4.9, 'to_position': 4.7, 'direction': 'down', 'status': 'constant_speed'}
DEBUG    [SERVER] Step completed - Final tick: 81, Total events: 2
DEBUG    [SERVER] Algorithm step: tick 81, events: 2
DEBUG    [SERVER] Stored 2 events for tick 81
[2025-10-23 20:48:39 +0800] [17183] [INFO] 127.0.0.1:50961 POST /api/step 1.1 200 370 761
[2025-10-23 20:48:39 +0800] [17183] [INFO] 127.0.0.1:50962 GET /api/state 1.1 200 7547 684
DEBUG    [SERVER] 电梯 E0 下一目的地设定为 F3
[2025-10-23 20:48:39 +0800] [17183] [INFO] 127.0.0.1:50963 POST /api/elevators/0/go_to_floor 1.1 200 17 749
DEBUG    [SERVER] Algorithm client processed tick 82
DEBUG    [SERVER] 电梯 E0 被设定为前往 F3
DEBUG    [SERVER] 电梯0 状态:stopped->stopped
DEBUG    [SERVER] Event emitted: passenger_board with data {'elevator': 0, 'floor': 4, 'passenger': 20}
DEBUG    [SERVER] Event emitted: passenger_board with data {'elevator': 0, 'floor': 4, 'passenger': 26}
DEBUG    [SERVER] Event emitted: passenger_board with data {'elevator': 0, 'floor': 4, 'passenger': 31}
DEBUG    [SERVER] Event emitted: passenger_board with data {'elevator': 0, 'floor': 4, 'passenger': 36}
DEBUG    [SERVER] Event emitted: passenger_board with data {'elevator': 0, 'floor': 4, 'passenger': 38}
DEBUG    [SERVER] Event emitted: passenger_board with data {'elevator': 0, 'floor': 4, 'passenger': 39}
DEBUG    [SERVER] Event emitted: passenger_board with data {'elevator': 0, 'floor': 4, 'passenger': 41}
DEBUG    [SERVER] Event emitted: passenger_board with data {'elevator': 0, 'floor': 4, 'passenger': 42}
DEBUG    [SERVER] 电梯0 状态:stopped->start_up 方向:down 位置:4.0 目标:4
DEBUG    [SERVER] 电梯1 状态:constant_speed->constant_speed 方向:down 位置:4.7 目标:3
DEBUG    [SERVER] Event emitted: elevator_move with data {'elevator': 0, 'from_position': 4.0, 'to_position': 3.9, 'direction': 'down', 'status': 'start_up'}
DEBUG    [SERVER] Event emitted: elevator_move with data {'elevator': 1, 'from_position': 4.7, 'to_position': 4.5, 'direction': 'down', 'status': 'constant_speed'}
DEBUG    [SERVER] Step completed - Final tick: 82, Total events: 10
DEBUG    [SERVER] Algorithm step: tick 82, events: 10
DEBUG    [SERVER] Stored 10 events for tick 82
[2025-10-23 20:48:39 +0800] [17183] [INFO] 127.0.0.1:50964 POST /api/step 1.1 200 1518 738
[2025-10-23 20:48:39 +0800] [17183] [INFO] 127.0.0.1:50965 GET /api/state 1.1 200 7535 757
DEBUG    [SERVER] Algorithm client processed tick 83
DEBUG    [SERVER] 电梯0 状态:start_up->constant_speed 方向:down 位置:3.9 目标:3
DEBUG    [SERVER] 电梯1 状态:constant_speed->constant_speed 方向:down 位置:4.5 目标:3
DEBUG    [SERVER] 乘客   44： 创建 | PassengerInfo(id=44, origin=5, destination=1, arrive_tick=83, pickup_tick=0, dropoff_tick=0, arrived=False, elevator_id=None)
DEBUG    [SERVER] Event emitted: down_button_pressed with data {'floor': 5, 'passenger': 44}
DEBUG    [SERVER] Event emitted: elevator_move with data {'elevator': 0, 'from_position': 3.9, 'to_position': 3.7, 'direction': 'down', 'status': 'constant_speed'}
DEBUG    [SERVER] Event emitted: elevator_move with data {'elevator': 1, 'from_position': 4.5, 'to_position': 4.3, 'direction': 'down', 'status': 'constant_speed'}
DEBUG    [SERVER] Step completed - Final tick: 83, Total events: 3
DEBUG    [SERVER] Algorithm step: tick 83, events: 3
DEBUG    [SERVER] Stored 3 events for tick 83
[2025-10-23 20:48:39 +0800] [17183] [INFO] 127.0.0.1:50966 POST /api/step 1.1 200 547 693
[2025-10-23 20:48:39 +0800] [17183] [INFO] 127.0.0.1:50967 GET /api/state 1.1 200 7687 689
DEBUG    [SERVER] Algorithm client processed tick 84
DEBUG    [SERVER] 电梯0 状态:constant_speed->constant_speed 方向:down 位置:3.7 目标:3
DEBUG    [SERVER] 电梯1 状态:constant_speed->constant_speed 方向:down 位置:4.3 目标:3
DEBUG    [SERVER] 乘客   45： 创建 | PassengerInfo(id=45, origin=3, destination=0, arrive_tick=84, pickup_tick=0, dropoff_tick=0, arrived=False, elevator_id=None)
DEBUG    [SERVER] Event emitted: down_button_pressed with data {'floor': 3, 'passenger': 45}
DEBUG    [SERVER] Event emitted: elevator_move with data {'elevator': 0, 'from_position': 3.7, 'to_position': 3.5, 'direction': 'down', 'status': 'constant_speed'}
DEBUG    [SERVER] Event emitted: elevator_move with data {'elevator': 1, 'from_position': 4.3, 'to_position': 4.1, 'direction': 'down', 'status': 'constant_speed'}
DEBUG    [SERVER] Event emitted: elevator_approaching with data {'elevator': 1, 'floor': 4, 'direction': 'down'}
DEBUG    [SERVER] Step completed - Final tick: 84, Total events: 4
DEBUG    [SERVER] Algorithm step: tick 84, events: 4
DEBUG    [SERVER] Stored 4 events for tick 84
[2025-10-23 20:48:39 +0800] [17183] [INFO] 127.0.0.1:50968 POST /api/step 1.1 200 694 766
[2025-10-23 20:48:39 +0800] [17183] [INFO] 127.0.0.1:50969 GET /api/state 1.1 200 7835 684
DEBUG    [SERVER] Algorithm client processed tick 85
DEBUG    [SERVER] 电梯0 状态:constant_speed->constant_speed 方向:down 位置:3.5 目标:3
DEBUG    [SERVER] 电梯1 状态:constant_speed->constant_speed 方向:down 位置:4.1 目标:3
DEBUG    [SERVER] Event emitted: elevator_move with data {'elevator': 0, 'from_position': 3.5, 'to_position': 3.3, 'direction': 'down', 'status': 'constant_speed'}
DEBUG    [SERVER] Event emitted: elevator_move with data {'elevator': 1, 'from_position': 4.1, 'to_position': 3.9, 'direction': 'down', 'status': 'constant_speed'}
DEBUG    [SERVER] Event emitted: passing_floor with data {'elevator': 1, 'floor': 4, 'direction': 'down'}
DEBUG    [SERVER] Step completed - Final tick: 85, Total events: 3
DEBUG    [SERVER] Algorithm step: tick 85, events: 3
DEBUG    [SERVER] Stored 3 events for tick 85
[2025-10-23 20:48:39 +0800] [17183] [INFO] 127.0.0.1:50970 POST /api/step 1.1 200 560 747
[2025-10-23 20:48:39 +0800] [17183] [INFO] 127.0.0.1:50971 GET /api/state 1.1 200 7835 677
DEBUG    [SERVER] Algorithm client processed tick 86
DEBUG    [SERVER] 电梯0 状态:constant_speed->constant_speed 方向:down 位置:3.3 目标:3
DEBUG    [SERVER] 电梯1 状态:constant_speed->constant_speed 方向:down 位置:3.9 目标:3
DEBUG    [SERVER] Event emitted: elevator_move with data {'elevator': 0, 'from_position': 3.3, 'to_position': 3.1, 'direction': 'down', 'status': 'constant_speed'}
DEBUG    [SERVER] Event emitted: elevator_approaching with data {'elevator': 0, 'floor': 3, 'direction': 'down'}
DEBUG    [SERVER] Event emitted: elevator_move with data {'elevator': 1, 'from_position': 3.9, 'to_position': 3.7, 'direction': 'down', 'status': 'constant_speed'}
DEBUG    [SERVER] Step completed - Final tick: 86, Total events: 3
DEBUG    [SERVER] Algorithm step: tick 86, events: 3
DEBUG    [SERVER] Stored 3 events for tick 86
[2025-10-23 20:48:39 +0800] [17183] [INFO] 127.0.0.1:50972 POST /api/step 1.1 200 567 757
[2025-10-23 20:48:39 +0800] [17183] [INFO] 127.0.0.1:50973 GET /api/state 1.1 200 7831 698
DEBUG    [SERVER] 电梯 E0 被设定为前往 F3
DEBUG    [SERVER] 电梯0 状态:start_down->start_down
[2025-10-23 20:48:39 +0800] [17183] [INFO] 127.0.0.1:50974 POST /api/elevators/0/go_to_floor 1.1 200 17 673
DEBUG    [SERVER] Algorithm client processed tick 87
DEBUG    [SERVER] 电梯0 状态:start_down->start_down 方向:down 位置:3.1 目标:3
DEBUG    [SERVER] 电梯1 状态:constant_speed->constant_speed 方向:down 位置:3.7 目标:3
DEBUG    [SERVER] Event emitted: stopped_at_floor with data {'elevator': 0, 'floor': 3, 'reason': 'move_reached'}
DEBUG    [SERVER] Event emitted: elevator_move with data {'elevator': 1, 'from_position': 3.7, 'to_position': 3.5, 'direction': 'down', 'status': 'constant_speed'}
DEBUG    [SERVER] Event emitted: passenger_alight with data {'elevator': 0, 'floor': 3, 'passenger': 31}
DEBUG    [SERVER] Event emitted: passenger_alight with data {'elevator': 0, 'floor': 3, 'passenger': 36}
DEBUG    [SERVER] Step completed - Final tick: 87, Total events: 4
DEBUG    [SERVER] Algorithm step: tick 87, events: 4
DEBUG    [SERVER] Stored 4 events for tick 87
[2025-10-23 20:48:39 +0800] [17183] [INFO] 127.0.0.1:50975 POST /api/step 1.1 200 648 766
[2025-10-23 20:48:39 +0800] [17183] [INFO] 127.0.0.1:50976 GET /api/state 1.1 200 7818 835
DEBUG    [SERVER] 电梯 E0 下一目的地设定为 F2
[2025-10-23 20:48:39 +0800] [17183] [INFO] 127.0.0.1:50977 POST /api/elevators/0/go_to_floor 1.1 200 17 669
DEBUG    [SERVER] Algorithm client processed tick 88
DEBUG    [SERVER] 电梯 E0 被设定为前往 F2
DEBUG    [SERVER] 电梯0 状态:stopped->stopped
DEBUG    [SERVER] Event emitted: passenger_board with data {'elevator': 0, 'floor': 3, 'passenger': 28}
DEBUG    [SERVER] Event emitted: passenger_board with data {'elevator': 0, 'floor': 3, 'passenger': 32}
DEBUG    [SERVER] 电梯0 状态:stopped->start_up 方向:down 位置:3.0 目标:3
DEBUG    [SERVER] 电梯1 状态:constant_speed->constant_speed 方向:down 位置:3.5 目标:3
DEBUG    [SERVER] Event emitted: elevator_move with data {'elevator': 0, 'from_position': 3.0, 'to_position': 2.9, 'direction': 'down', 'status': 'start_up'}
DEBUG    [SERVER] Event emitted: elevator_move with data {'elevator': 1, 'from_position': 3.5, 'to_position': 3.3, 'direction': 'down', 'status': 'constant_speed'}
DEBUG    [SERVER] Step completed - Final tick: 88, Total events: 4
DEBUG    [SERVER] Algorithm step: tick 88, events: 4
DEBUG    [SERVER] Stored 4 events for tick 88
[2025-10-23 20:48:39 +0800] [17183] [INFO] 127.0.0.1:50978 POST /api/step 1.1 200 690 725
[2025-10-23 20:48:39 +0800] [17183] [INFO] 127.0.0.1:50979 GET /api/state 1.1 200 7816 793
DEBUG    [SERVER] Algorithm client processed tick 89
DEBUG    [SERVER] 电梯0 状态:start_up->constant_speed 方向:down 位置:2.9 目标:2
DEBUG    [SERVER] 电梯1 状态:constant_speed->constant_speed 方向:down 位置:3.3 目标:3
DEBUG    [SERVER] Event emitted: elevator_move with data {'elevator': 0, 'from_position': 2.9, 'to_position': 2.7, 'direction': 'down', 'status': 'constant_speed'}
DEBUG    [SERVER] Event emitted: elevator_move with data {'elevator': 1, 'from_position': 3.3, 'to_position': 3.1, 'direction': 'down', 'status': 'constant_speed'}
DEBUG    [SERVER] Event emitted: elevator_approaching with data {'elevator': 1, 'floor': 3, 'direction': 'down'}
DEBUG    [SERVER] Step completed - Final tick: 89, Total events: 3
DEBUG    [SERVER] Algorithm step: tick 89, events: 3
DEBUG    [SERVER] Stored 3 events for tick 89
[2025-10-23 20:48:39 +0800] [17183] [INFO] 127.0.0.1:50980 POST /api/step 1.1 200 567 692
[2025-10-23 20:48:39 +0800] [17183] [INFO] 127.0.0.1:50981 GET /api/state 1.1 200 7818 691
DEBUG    [SERVER] Algorithm client processed tick 90
DEBUG    [SERVER] 电梯0 状态:constant_speed->constant_speed 方向:down 位置:2.7 目标:2
DEBUG    [SERVER] 电梯1 状态:start_down->start_down 方向:down 位置:3.1 目标:3
DEBUG    [SERVER] Event emitted: elevator_move with data {'elevator': 0, 'from_position': 2.7, 'to_position': 2.5, 'direction': 'down', 'status': 'constant_speed'}
DEBUG    [SERVER] Event emitted: stopped_at_floor with data {'elevator': 1, 'floor': 3, 'reason': 'move_reached'}
DEBUG    [SERVER] Step completed - Final tick: 90, Total events: 2
DEBUG    [SERVER] Algorithm step: tick 90, events: 2
DEBUG    [SERVER] Stored 2 events for tick 90
[2025-10-23 20:48:39 +0800] [17183] [INFO] 127.0.0.1:50982 POST /api/step 1.1 200 370 738
[2025-10-23 20:48:39 +0800] [17183] [INFO] 127.0.0.1:50983 GET /api/state 1.1 200 7814 694
DEBUG    [SERVER] 电梯 E1 下一目的地设定为 F2
[2025-10-23 20:48:39 +0800] [17183] [INFO] 127.0.0.1:50984 POST /api/elevators/1/go_to_floor 1.1 200 17 671
DEBUG    [SERVER] Algorithm client processed tick 91
DEBUG    [SERVER] 电梯0 状态:constant_speed->constant_speed 方向:down 位置:2.5 目标:2
DEBUG    [SERVER] 电梯 E1 被设定为前往 F2
DEBUG    [SERVER] 电梯1 状态:stopped->stopped
DEBUG    [SERVER] Event emitted: passenger_board with data {'elevator': 1, 'floor': 3, 'passenger': 33}
DEBUG    [SERVER] 电梯1 状态:stopped->start_up 方向:down 位置:3.0 目标:3
DEBUG    [SERVER] 乘客   46： 创建 | PassengerInfo(id=46, origin=1, destination=0, arrive_tick=91, pickup_tick=0, dropoff_tick=0, arrived=False, elevator_id=None)
DEBUG    [SERVER] Event emitted: down_button_pressed with data {'floor': 1, 'passenger': 46}
DEBUG    [SERVER] Event emitted: elevator_move with data {'elevator': 0, 'from_position': 2.5, 'to_position': 2.3, 'direction': 'down', 'status': 'constant_speed'}
DEBUG    [SERVER] Event emitted: elevator_move with data {'elevator': 1, 'from_position': 3.0, 'to_position': 2.9, 'direction': 'down', 'status': 'start_up'}
DEBUG    [SERVER] Step completed - Final tick: 91, Total events: 4
DEBUG    [SERVER] Algorithm step: tick 91, events: 4
DEBUG    [SERVER] Stored 4 events for tick 91
[2025-10-23 20:48:39 +0800] [17183] [INFO] 127.0.0.1:50985 POST /api/step 1.1 200 679 725
[2025-10-23 20:48:39 +0800] [17183] [INFO] 127.0.0.1:50986 GET /api/state 1.1 200 7962 869
DEBUG    [SERVER] Algorithm client processed tick 92
DEBUG    [SERVER] 电梯0 状态:constant_speed->constant_speed 方向:down 位置:2.3 目标:2
DEBUG    [SERVER] 电梯1 状态:start_up->constant_speed 方向:down 位置:2.9 目标:2
DEBUG    [SERVER] Event emitted: elevator_move with data {'elevator': 0, 'from_position': 2.3, 'to_position': 2.1, 'direction': 'down', 'status': 'constant_speed'}
DEBUG    [SERVER] Event emitted: elevator_approaching with data {'elevator': 0, 'floor': 2, 'direction': 'down'}
DEBUG    [SERVER] Event emitted: elevator_move with data {'elevator': 1, 'from_position': 2.9, 'to_position': 2.7, 'direction': 'down', 'status': 'constant_speed'}
DEBUG    [SERVER] Step completed - Final tick: 92, Total events: 3
DEBUG    [SERVER] Algorithm step: tick 92, events: 3
DEBUG    [SERVER] Stored 3 events for tick 92
[2025-10-23 20:48:39 +0800] [17183] [INFO] 127.0.0.1:50987 POST /api/step 1.1 200 567 759
[2025-10-23 20:48:39 +0800] [17183] [INFO] 127.0.0.1:50988 GET /api/state 1.1 200 7964 755
DEBUG    [SERVER] Algorithm client processed tick 93
DEBUG    [SERVER] 电梯0 状态:start_down->start_down 方向:down 位置:2.1 目标:2
DEBUG    [SERVER] 电梯1 状态:constant_speed->constant_speed 方向:down 位置:2.7 目标:2
DEBUG    [SERVER] Event emitted: stopped_at_floor with data {'elevator': 0, 'floor': 2, 'reason': 'move_reached'}
DEBUG    [SERVER] Event emitted: elevator_move with data {'elevator': 1, 'from_position': 2.7, 'to_position': 2.5, 'direction': 'down', 'status': 'constant_speed'}
DEBUG    [SERVER] Step completed - Final tick: 93, Total events: 2
DEBUG    [SERVER] Algorithm step: tick 93, events: 2
DEBUG    [SERVER] Stored 2 events for tick 93
[2025-10-23 20:48:39 +0800] [17183] [INFO] 127.0.0.1:50989 POST /api/step 1.1 200 370 757
[2025-10-23 20:48:39 +0800] [17183] [INFO] 127.0.0.1:50990 GET /api/state 1.1 200 7960 694
DEBUG    [SERVER] 电梯 E0 下一目的地设定为 F1
[2025-10-23 20:48:39 +0800] [17183] [INFO] 127.0.0.1:50991 POST /api/elevators/0/go_to_floor 1.1 200 17 639
DEBUG    [SERVER] Algorithm client processed tick 94
DEBUG    [SERVER] 电梯 E0 被设定为前往 F1
DEBUG    [SERVER] 电梯0 状态:stopped->stopped
DEBUG    [SERVER] 电梯0 状态:stopped->start_up 方向:down 位置:2.0 目标:2
DEBUG    [SERVER] 电梯1 状态:constant_speed->constant_speed 方向:down 位置:2.5 目标:2
DEBUG    [SERVER] 乘客   47： 创建 | PassengerInfo(id=47, origin=3, destination=0, arrive_tick=94, pickup_tick=0, dropoff_tick=0, arrived=False, elevator_id=None)
DEBUG    [SERVER] Event emitted: down_button_pressed with data {'floor': 3, 'passenger': 47}
DEBUG    [SERVER] Event emitted: elevator_move with data {'elevator': 0, 'from_position': 2.0, 'to_position': 1.9, 'direction': 'down', 'status': 'start_up'}
DEBUG    [SERVER] Event emitted: elevator_move with data {'elevator': 1, 'from_position': 2.5, 'to_position': 2.3, 'direction': 'down', 'status': 'constant_speed'}
DEBUG    [SERVER] Step completed - Final tick: 94, Total events: 3
DEBUG    [SERVER] Algorithm step: tick 94, events: 3
DEBUG    [SERVER] Stored 3 events for tick 94
[2025-10-23 20:48:39 +0800] [17183] [INFO] 127.0.0.1:50992 POST /api/step 1.1 200 541 760
[2025-10-23 20:48:39 +0800] [17183] [INFO] 127.0.0.1:50993 GET /api/state 1.1 200 8110 703
DEBUG    [SERVER] Algorithm client processed tick 95
DEBUG    [SERVER] 电梯0 状态:start_up->constant_speed 方向:down 位置:1.9 目标:1
DEBUG    [SERVER] 电梯1 状态:constant_speed->constant_speed 方向:down 位置:2.3 目标:2
DEBUG    [SERVER] Event emitted: elevator_move with data {'elevator': 0, 'from_position': 1.9, 'to_position': 1.7, 'direction': 'down', 'status': 'constant_speed'}
DEBUG    [SERVER] Event emitted: elevator_move with data {'elevator': 1, 'from_position': 2.3, 'to_position': 2.1, 'direction': 'down', 'status': 'constant_speed'}
DEBUG    [SERVER] Event emitted: elevator_approaching with data {'elevator': 1, 'floor': 2, 'direction': 'down'}
DEBUG    [SERVER] Step completed - Final tick: 95, Total events: 3
DEBUG    [SERVER] Algorithm step: tick 95, events: 3
DEBUG    [SERVER] Stored 3 events for tick 95
[2025-10-23 20:48:39 +0800] [17183] [INFO] 127.0.0.1:50994 POST /api/step 1.1 200 567 711
[2025-10-23 20:48:39 +0800] [17183] [INFO] 127.0.0.1:50995 GET /api/state 1.1 200 8112 708
DEBUG    [SERVER] Algorithm client processed tick 96
DEBUG    [SERVER] 电梯0 状态:constant_speed->constant_speed 方向:down 位置:1.7 目标:1
DEBUG    [SERVER] 电梯1 状态:start_down->start_down 方向:down 位置:2.1 目标:2
DEBUG    [SERVER] Event emitted: elevator_move with data {'elevator': 0, 'from_position': 1.7, 'to_position': 1.5, 'direction': 'down', 'status': 'constant_speed'}
DEBUG    [SERVER] Event emitted: stopped_at_floor with data {'elevator': 1, 'floor': 2, 'reason': 'move_reached'}
DEBUG    [SERVER] Step completed - Final tick: 96, Total events: 2
DEBUG    [SERVER] Algorithm step: tick 96, events: 2
DEBUG    [SERVER] Stored 2 events for tick 96
[2025-10-23 20:48:39 +0800] [17183] [INFO] 127.0.0.1:50996 POST /api/step 1.1 200 370 721
[2025-10-23 20:48:39 +0800] [17183] [INFO] 127.0.0.1:50997 GET /api/state 1.1 200 8108 687
DEBUG    [SERVER] 电梯 E1 下一目的地设定为 F1
[2025-10-23 20:48:39 +0800] [17183] [INFO] 127.0.0.1:50998 POST /api/elevators/1/go_to_floor 1.1 200 17 666
DEBUG    [SERVER] Algorithm client processed tick 97
DEBUG    [SERVER] 电梯0 状态:constant_speed->constant_speed 方向:down 位置:1.5 目标:1
DEBUG    [SERVER] 电梯 E1 被设定为前往 F1
DEBUG    [SERVER] 电梯1 状态:stopped->stopped
DEBUG    [SERVER] 电梯1 状态:stopped->start_up 方向:down 位置:2.0 目标:2
DEBUG    [SERVER] 乘客   48： 创建 | PassengerInfo(id=48, origin=2, destination=0, arrive_tick=97, pickup_tick=0, dropoff_tick=0, arrived=False, elevator_id=None)
DEBUG    [SERVER] Event emitted: down_button_pressed with data {'floor': 2, 'passenger': 48}
DEBUG    [SERVER] Event emitted: elevator_move with data {'elevator': 0, 'from_position': 1.5, 'to_position': 1.3, 'direction': 'down', 'status': 'constant_speed'}
DEBUG    [SERVER] Event emitted: elevator_move with data {'elevator': 1, 'from_position': 2.0, 'to_position': 1.9, 'direction': 'down', 'status': 'start_up'}
DEBUG    [SERVER] Step completed - Final tick: 97, Total events: 3
DEBUG    [SERVER] Algorithm step: tick 97, events: 3
DEBUG    [SERVER] Stored 3 events for tick 97
[2025-10-23 20:48:39 +0800] [17183] [INFO] 127.0.0.1:50999 POST /api/step 1.1 200 541 789
[2025-10-23 20:48:39 +0800] [17183] [INFO] 127.0.0.1:51000 GET /api/state 1.1 200 8258 830
DEBUG    [SERVER] Algorithm client processed tick 98
DEBUG    [SERVER] 电梯0 状态:constant_speed->constant_speed 方向:down 位置:1.3 目标:1
DEBUG    [SERVER] 电梯1 状态:start_up->constant_speed 方向:down 位置:1.9 目标:1
DEBUG    [SERVER] Event emitted: elevator_move with data {'elevator': 0, 'from_position': 1.3, 'to_position': 1.1, 'direction': 'down', 'status': 'constant_speed'}
DEBUG    [SERVER] Event emitted: elevator_approaching with data {'elevator': 0, 'floor': 1, 'direction': 'down'}
DEBUG    [SERVER] Event emitted: elevator_move with data {'elevator': 1, 'from_position': 1.9, 'to_position': 1.7, 'direction': 'down', 'status': 'constant_speed'}
DEBUG    [SERVER] Step completed - Final tick: 98, Total events: 3
DEBUG    [SERVER] Algorithm step: tick 98, events: 3
DEBUG    [SERVER] Stored 3 events for tick 98
[2025-10-23 20:48:39 +0800] [17183] [INFO] 127.0.0.1:51001 POST /api/step 1.1 200 567 709
[2025-10-23 20:48:39 +0800] [17183] [INFO] 127.0.0.1:51002 GET /api/state 1.1 200 8260 703
DEBUG    [SERVER] 电梯 E0 被设定为前往 F1
DEBUG    [SERVER] 电梯0 状态:start_down->start_down
[2025-10-23 20:48:39 +0800] [17183] [INFO] 127.0.0.1:51003 POST /api/elevators/0/go_to_floor 1.1 200 17 667
DEBUG    [SERVER] Algorithm client processed tick 99
DEBUG    [SERVER] 电梯0 状态:start_down->start_down 方向:down 位置:1.1 目标:1
DEBUG    [SERVER] 电梯1 状态:constant_speed->constant_speed 方向:down 位置:1.7 目标:1
DEBUG    [SERVER] 乘客   49： 创建 | PassengerInfo(id=49, origin=3, destination=0, arrive_tick=99, pickup_tick=0, dropoff_tick=0, arrived=False, elevator_id=None)
DEBUG    [SERVER] Event emitted: down_button_pressed with data {'floor': 3, 'passenger': 49}
DEBUG    [SERVER] Event emitted: stopped_at_floor with data {'elevator': 0, 'floor': 1, 'reason': 'move_reached'}
DEBUG    [SERVER] Event emitted: elevator_move with data {'elevator': 1, 'from_position': 1.7, 'to_position': 1.5, 'direction': 'down', 'status': 'constant_speed'}
DEBUG    [SERVER] Event emitted: passenger_alight with data {'elevator': 0, 'floor': 1, 'passenger': 32}
DEBUG    [SERVER] Step completed - Final tick: 99, Total events: 4
DEBUG    [SERVER] Algorithm step: tick 99, events: 4
DEBUG    [SERVER] Stored 4 events for tick 99
[2025-10-23 20:48:39 +0800] [17183] [INFO] 127.0.0.1:51004 POST /api/step 1.1 200 636 1024
[2025-10-23 20:48:39 +0800] [17183] [INFO] 127.0.0.1:51005 GET /api/state 1.1 200 8415 712
DEBUG    [SERVER] 电梯 E0 下一目的地设定为 F0
[2025-10-23 20:48:39 +0800] [17183] [INFO] 127.0.0.1:51006 POST /api/elevators/0/go_to_floor 1.1 200 17 687
DEBUG    [SERVER] Algorithm client processed tick 100
DEBUG    [SERVER] 电梯 E0 被设定为前往 F0
DEBUG    [SERVER] 电梯0 状态:stopped->stopped
DEBUG    [SERVER] Event emitted: passenger_board with data {'elevator': 0, 'floor': 1, 'passenger': 21}
DEBUG    [SERVER] 电梯0 状态:stopped->start_up 方向:down 位置:1.0 目标:1
DEBUG    [SERVER] 电梯1 状态:constant_speed->constant_speed 方向:down 位置:1.5 目标:1
DEBUG    [SERVER] Event emitted: elevator_move with data {'elevator': 0, 'from_position': 1.0, 'to_position': 0.9, 'direction': 'down', 'status': 'start_up'}
DEBUG    [SERVER] Event emitted: elevator_move with data {'elevator': 1, 'from_position': 1.5, 'to_position': 1.3, 'direction': 'down', 'status': 'constant_speed'}
DEBUG    [SERVER] Step completed - Final tick: 100, Total events: 3
DEBUG    [SERVER] Algorithm step: tick 100, events: 3
DEBUG    [SERVER] Stored 3 events for tick 100
[2025-10-23 20:48:39 +0800] [17183] [INFO] 127.0.0.1:51007 POST /api/step 1.1 200 556 706
[2025-10-23 20:48:39 +0800] [17183] [INFO] 127.0.0.1:51008 GET /api/state 1.1 200 8417 784
DEBUG    [SERVER] Algorithm client processed tick 101
DEBUG    [SERVER] 电梯0 状态:start_up->constant_speed 方向:down 位置:0.9 目标:0
DEBUG    [SERVER] 电梯1 状态:constant_speed->constant_speed 方向:down 位置:1.3 目标:1
DEBUG    [SERVER] Event emitted: elevator_move with data {'elevator': 0, 'from_position': 0.9, 'to_position': 0.7, 'direction': 'down', 'status': 'constant_speed'}
DEBUG    [SERVER] Event emitted: elevator_move with data {'elevator': 1, 'from_position': 1.3, 'to_position': 1.1, 'direction': 'down', 'status': 'constant_speed'}
DEBUG    [SERVER] Event emitted: elevator_approaching with data {'elevator': 1, 'floor': 1, 'direction': 'down'}
DEBUG    [SERVER] Step completed - Final tick: 101, Total events: 3
DEBUG    [SERVER] Algorithm step: tick 101, events: 3
DEBUG    [SERVER] Stored 3 events for tick 101
[2025-10-23 20:48:39 +0800] [17183] [INFO] 127.0.0.1:51009 POST /api/step 1.1 200 571 740
[2025-10-23 20:48:39 +0800] [17183] [INFO] 127.0.0.1:51010 GET /api/state 1.1 200 8420 738
DEBUG    [SERVER] Algorithm client processed tick 102
DEBUG    [SERVER] 电梯0 状态:constant_speed->constant_speed 方向:down 位置:0.7 目标:0
DEBUG    [SERVER] 电梯1 状态:start_down->start_down 方向:down 位置:1.1 目标:1
DEBUG    [SERVER] Event emitted: elevator_move with data {'elevator': 0, 'from_position': 0.7, 'to_position': 0.5, 'direction': 'down', 'status': 'constant_speed'}
DEBUG    [SERVER] Event emitted: stopped_at_floor with data {'elevator': 1, 'floor': 1, 'reason': 'move_reached'}
DEBUG    [SERVER] Step completed - Final tick: 102, Total events: 2
DEBUG    [SERVER] Algorithm step: tick 102, events: 2
DEBUG    [SERVER] Stored 2 events for tick 102
[2025-10-23 20:48:39 +0800] [17183] [INFO] 127.0.0.1:51011 POST /api/step 1.1 200 373 830
[2025-10-23 20:48:39 +0800] [17183] [INFO] 127.0.0.1:51012 GET /api/state 1.1 200 8416 725
DEBUG    [SERVER] 电梯 E1 下一目的地设定为 F0
[2025-10-23 20:48:39 +0800] [17183] [INFO] 127.0.0.1:51013 POST /api/elevators/1/go_to_floor 1.1 200 17 671
DEBUG    [SERVER] Algorithm client processed tick 103
DEBUG    [SERVER] 电梯0 状态:constant_speed->constant_speed 方向:down 位置:0.5 目标:0
DEBUG    [SERVER] 电梯 E1 被设定为前往 F0
DEBUG    [SERVER] 电梯1 状态:stopped->stopped
DEBUG    [SERVER] 电梯1 状态:stopped->start_up 方向:down 位置:1.0 目标:1
DEBUG    [SERVER] Event emitted: elevator_move with data {'elevator': 0, 'from_position': 0.5, 'to_position': 0.3, 'direction': 'down', 'status': 'constant_speed'}
DEBUG    [SERVER] Event emitted: elevator_move with data {'elevator': 1, 'from_position': 1.0, 'to_position': 0.9, 'direction': 'down', 'status': 'start_up'}
DEBUG    [SERVER] Step completed - Final tick: 103, Total events: 2
DEBUG    [SERVER] Algorithm step: tick 103, events: 2
DEBUG    [SERVER] Stored 2 events for tick 103
[2025-10-23 20:48:39 +0800] [17183] [INFO] 127.0.0.1:51014 POST /api/step 1.1 200 417 741
[2025-10-23 20:48:39 +0800] [17183] [INFO] 127.0.0.1:51015 GET /api/state 1.1 200 8418 760
DEBUG    [SERVER] Algorithm client processed tick 104
DEBUG    [SERVER] 电梯0 状态:constant_speed->constant_speed 方向:down 位置:0.3 目标:0
DEBUG    [SERVER] 电梯1 状态:start_up->constant_speed 方向:down 位置:0.9 目标:0
DEBUG    [SERVER] 乘客   50： 创建 | PassengerInfo(id=50, origin=3, destination=0, arrive_tick=104, pickup_tick=0, dropoff_tick=0, arrived=False, elevator_id=None)
DEBUG    [SERVER] Event emitted: down_button_pressed with data {'floor': 3, 'passenger': 50}
DEBUG    [SERVER] Event emitted: elevator_move with data {'elevator': 0, 'from_position': 0.3, 'to_position': 0.1, 'direction': 'down', 'status': 'constant_speed'}
DEBUG    [SERVER] Event emitted: elevator_approaching with data {'elevator': 0, 'floor': 0, 'direction': 'down'}
DEBUG    [SERVER] Event emitted: elevator_move with data {'elevator': 1, 'from_position': 0.9, 'to_position': 0.7, 'direction': 'down', 'status': 'constant_speed'}
DEBUG    [SERVER] Step completed - Final tick: 104, Total events: 4
DEBUG    [SERVER] Algorithm step: tick 104, events: 4
DEBUG    [SERVER] Stored 4 events for tick 104
[2025-10-23 20:48:39 +0800] [17183] [INFO] 127.0.0.1:51016 POST /api/step 1.1 200 699 710
[2025-10-23 20:48:39 +0800] [17183] [INFO] 127.0.0.1:51017 GET /api/state 1.1 200 8569 703
DEBUG    [SERVER] 电梯 E0 被设定为前往 F0
DEBUG    [SERVER] 电梯0 状态:start_down->start_down
[2025-10-23 20:48:39 +0800] [17183] [INFO] 127.0.0.1:51018 POST /api/elevators/0/go_to_floor 1.1 200 17 699
DEBUG    [SERVER] Algorithm client processed tick 105
DEBUG    [SERVER] 电梯0 状态:start_down->start_down 方向:down 位置:0.1 目标:0
DEBUG    [SERVER] 电梯1 状态:constant_speed->constant_speed 方向:down 位置:0.7 目标:0
DEBUG    [SERVER] 乘客   51： 创建 | PassengerInfo(id=51, origin=5, destination=0, arrive_tick=105, pickup_tick=0, dropoff_tick=0, arrived=False, elevator_id=None)
DEBUG    [SERVER] Event emitted: down_button_pressed with data {'floor': 5, 'passenger': 51}
DEBUG    [SERVER] Event emitted: stopped_at_floor with data {'elevator': 0, 'floor': 0, 'reason': 'move_reached'}
DEBUG    [SERVER] Event emitted: elevator_move with data {'elevator': 1, 'from_position': 0.7, 'to_position': 0.5, 'direction': 'down', 'status': 'constant_speed'}
DEBUG    [SERVER] Event emitted: passenger_alight with data {'elevator': 0, 'floor': 0, 'passenger': 20}
DEBUG    [SERVER] Event emitted: passenger_alight with data {'elevator': 0, 'floor': 0, 'passenger': 26}
DEBUG    [SERVER] Event emitted: passenger_alight with data {'elevator': 0, 'floor': 0, 'passenger': 38}
DEBUG    [SERVER] Event emitted: passenger_alight with data {'elevator': 0, 'floor': 0, 'passenger': 39}
DEBUG    [SERVER] Event emitted: passenger_alight with data {'elevator': 0, 'floor': 0, 'passenger': 41}
DEBUG    [SERVER] Event emitted: passenger_alight with data {'elevator': 0, 'floor': 0, 'passenger': 42}
DEBUG    [SERVER] Event emitted: passenger_alight with data {'elevator': 0, 'floor': 0, 'passenger': 28}
DEBUG    [SERVER] Event emitted: passenger_alight with data {'elevator': 0, 'floor': 0, 'passenger': 21}
DEBUG    [SERVER] Step completed - Final tick: 105, Total events: 11
DEBUG    [SERVER] Algorithm step: tick 105, events: 11
DEBUG    [SERVER] Stored 11 events for tick 105
[2025-10-23 20:48:39 +0800] [17183] [INFO] 127.0.0.1:51019 POST /api/step 1.1 200 1621 761
[2025-10-23 20:48:39 +0800] [17183] [INFO] 127.0.0.1:51020 GET /api/state 1.1 200 8706 738
DEBUG    [SERVER] 电梯 E0 下一目的地设定为 F1
[2025-10-23 20:48:39 +0800] [17183] [INFO] 127.0.0.1:51021 POST /api/elevators/0/go_to_floor 1.1 200 17 647
DEBUG    [SERVER] Algorithm client processed tick 106
DEBUG    [SERVER] 电梯 E0 被设定为前往 F1
DEBUG    [SERVER] 电梯0 状态:stopped->stopped
DEBUG    [SERVER] 电梯0 状态:stopped->start_up 方向:up 位置:0.0 目标:0
DEBUG    [SERVER] 电梯1 状态:constant_speed->constant_speed 方向:down 位置:0.5 目标:0
DEBUG    [SERVER] Event emitted: elevator_move with data {'elevator': 0, 'from_position': 0.0, 'to_position': 0.1, 'direction': 'up', 'status': 'start_up'}
DEBUG    [SERVER] Event emitted: elevator_move with data {'elevator': 1, 'from_position': 0.5, 'to_position': 0.3, 'direction': 'down', 'status': 'constant_speed'}
DEBUG    [SERVER] Step completed - Final tick: 106, Total events: 2
DEBUG    [SERVER] Algorithm step: tick 106, events: 2
DEBUG    [SERVER] Stored 2 events for tick 106
[2025-10-23 20:48:39 +0800] [17183] [INFO] 127.0.0.1:51022 POST /api/step 1.1 200 415 768
[2025-10-23 20:48:39 +0800] [17183] [INFO] 127.0.0.1:51023 GET /api/state 1.1 200 8705 723
DEBUG    [SERVER] Algorithm client processed tick 107
DEBUG    [SERVER] 电梯0 状态:start_up->constant_speed 方向:up 位置:0.1 目标:1
DEBUG    [SERVER] 电梯1 状态:constant_speed->constant_speed 方向:down 位置:0.3 目标:0
DEBUG    [SERVER] Event emitted: elevator_move with data {'elevator': 0, 'from_position': 0.1, 'to_position': 0.3, 'direction': 'up', 'status': 'constant_speed'}
DEBUG    [SERVER] Event emitted: elevator_move with data {'elevator': 1, 'from_position': 0.3, 'to_position': 0.1, 'direction': 'down', 'status': 'constant_speed'}
DEBUG    [SERVER] Event emitted: elevator_approaching with data {'elevator': 1, 'floor': 0, 'direction': 'down'}
DEBUG    [SERVER] Step completed - Final tick: 107, Total events: 3
DEBUG    [SERVER] Algorithm step: tick 107, events: 3
DEBUG    [SERVER] Stored 3 events for tick 107
[2025-10-23 20:48:39 +0800] [17183] [INFO] 127.0.0.1:51024 POST /api/step 1.1 200 569 796
[2025-10-23 20:48:39 +0800] [17183] [INFO] 127.0.0.1:51025 GET /api/state 1.1 200 8707 745
DEBUG    [SERVER] 电梯 E1 被设定为前往 F0
DEBUG    [SERVER] 电梯1 状态:start_down->start_down
[2025-10-23 20:48:39 +0800] [17183] [INFO] 127.0.0.1:51026 POST /api/elevators/1/go_to_floor 1.1 200 17 745
DEBUG    [SERVER] Algorithm client processed tick 108
DEBUG    [SERVER] 电梯0 状态:constant_speed->constant_speed 方向:up 位置:0.3 目标:1
DEBUG    [SERVER] 电梯1 状态:start_down->start_down 方向:down 位置:0.1 目标:0
DEBUG    [SERVER] Event emitted: elevator_move with data {'elevator': 0, 'from_position': 0.3, 'to_position': 0.5, 'direction': 'up', 'status': 'constant_speed'}
DEBUG    [SERVER] Event emitted: stopped_at_floor with data {'elevator': 1, 'floor': 0, 'reason': 'move_reached'}
DEBUG    [SERVER] Event emitted: passenger_alight with data {'elevator': 1, 'floor': 0, 'passenger': 22}
DEBUG    [SERVER] Event emitted: passenger_alight with data {'elevator': 1, 'floor': 0, 'passenger': 23}
DEBUG    [SERVER] Event emitted: passenger_alight with data {'elevator': 1, 'floor': 0, 'passenger': 24}
DEBUG    [SERVER] Event emitted: passenger_alight with data {'elevator': 1, 'floor': 0, 'passenger': 29}
DEBUG    [SERVER] Event emitted: passenger_alight with data {'elevator': 1, 'floor': 0, 'passenger': 30}
DEBUG    [SERVER] Event emitted: passenger_alight with data {'elevator': 1, 'floor': 0, 'passenger': 34}
DEBUG    [SERVER] Event emitted: passenger_alight with data {'elevator': 1, 'floor': 0, 'passenger': 37}
DEBUG    [SERVER] Event emitted: passenger_alight with data {'elevator': 1, 'floor': 0, 'passenger': 33}
DEBUG    [SERVER] Step completed - Final tick: 108, Total events: 10
DEBUG    [SERVER] Algorithm step: tick 108, events: 10
DEBUG    [SERVER] Stored 10 events for tick 108
[2025-10-23 20:48:39 +0800] [17183] [INFO] 127.0.0.1:51027 POST /api/step 1.1 200 1491 770
[2025-10-23 20:48:39 +0800] [17183] [INFO] 127.0.0.1:51028 GET /api/state 1.1 200 8678 712
DEBUG    [SERVER] 电梯 E1 下一目的地设定为 F1
[2025-10-23 20:48:39 +0800] [17183] [INFO] 127.0.0.1:51029 POST /api/elevators/1/go_to_floor 1.1 200 17 657
DEBUG    [SERVER] Algorithm client processed tick 109
DEBUG    [SERVER] 电梯0 状态:constant_speed->constant_speed 方向:up 位置:0.5 目标:1
DEBUG    [SERVER] 电梯 E1 被设定为前往 F1
DEBUG    [SERVER] 电梯1 状态:stopped->stopped
DEBUG    [SERVER] 电梯1 状态:stopped->start_up 方向:up 位置:0.0 目标:0
DEBUG    [SERVER] Event emitted: elevator_move with data {'elevator': 0, 'from_position': 0.5, 'to_position': 0.7, 'direction': 'up', 'status': 'constant_speed'}
DEBUG    [SERVER] Event emitted: elevator_move with data {'elevator': 1, 'from_position': 0.0, 'to_position': 0.1, 'direction': 'up', 'status': 'start_up'}
DEBUG    [SERVER] Step completed - Final tick: 109, Total events: 2
DEBUG    [SERVER] Algorithm step: tick 109, events: 2
DEBUG    [SERVER] Stored 2 events for tick 109
[2025-10-23 20:48:39 +0800] [17183] [INFO] 127.0.0.1:51030 POST /api/step 1.1 200 413 834
[2025-10-23 20:48:39 +0800] [17183] [INFO] 127.0.0.1:51031 GET /api/state 1.1 200 8677 715
DEBUG    [SERVER] Algorithm client processed tick 110
DEBUG    [SERVER] 电梯0 状态:constant_speed->constant_speed 方向:up 位置:0.7 目标:1
DEBUG    [SERVER] 电梯1 状态:start_up->constant_speed 方向:up 位置:0.1 目标:1
DEBUG    [SERVER] Event emitted: elevator_move with data {'elevator': 0, 'from_position': 0.7, 'to_position': 0.9, 'direction': 'up', 'status': 'constant_speed'}
DEBUG    [SERVER] Event emitted: elevator_approaching with data {'elevator': 0, 'floor': 1, 'direction': 'up'}
DEBUG    [SERVER] Event emitted: elevator_move with data {'elevator': 1, 'from_position': 0.1, 'to_position': 0.3, 'direction': 'up', 'status': 'constant_speed'}
DEBUG    [SERVER] Step completed - Final tick: 110, Total events: 3
DEBUG    [SERVER] Algorithm step: tick 110, events: 3
DEBUG    [SERVER] Stored 3 events for tick 110
[2025-10-23 20:48:39 +0800] [17183] [INFO] 127.0.0.1:51032 POST /api/step 1.1 200 565 737
[2025-10-23 20:48:39 +0800] [17183] [INFO] 127.0.0.1:51033 GET /api/state 1.1 200 8679 701
DEBUG    [SERVER] 电梯 E0 被设定为前往 F1
DEBUG    [SERVER] 电梯0 状态:start_down->start_down
[2025-10-23 20:48:39 +0800] [17183] [INFO] 127.0.0.1:51034 POST /api/elevators/0/go_to_floor 1.1 200 17 813
DEBUG    [SERVER] Algorithm client processed tick 111
DEBUG    [SERVER] 电梯0 状态:start_down->start_down 方向:up 位置:0.9 目标:1
DEBUG    [SERVER] 电梯1 状态:constant_speed->constant_speed 方向:up 位置:0.3 目标:1
DEBUG    [SERVER] 乘客   52： 创建 | PassengerInfo(id=52, origin=5, destination=0, arrive_tick=111, pickup_tick=0, dropoff_tick=0, arrived=False, elevator_id=None)
DEBUG    [SERVER] Event emitted: down_button_pressed with data {'floor': 5, 'passenger': 52}
DEBUG    [SERVER] Event emitted: stopped_at_floor with data {'elevator': 0, 'floor': 1, 'reason': 'move_reached'}
DEBUG    [SERVER] Event emitted: elevator_move with data {'elevator': 1, 'from_position': 0.3, 'to_position': 0.5, 'direction': 'up', 'status': 'constant_speed'}
DEBUG    [SERVER] Step completed - Final tick: 111, Total events: 3
DEBUG    [SERVER] Algorithm step: tick 111, events: 3
DEBUG    [SERVER] Stored 3 events for tick 111
[2025-10-23 20:48:39 +0800] [17183] [INFO] 127.0.0.1:51035 POST /api/step 1.1 200 499 848
[2025-10-23 20:48:39 +0800] [17183] [INFO] 127.0.0.1:51036 GET /api/state 1.1 200 8825 803
DEBUG    [SERVER] 电梯 E0 下一目的地设定为 F2
[2025-10-23 20:48:39 +0800] [17183] [INFO] 127.0.0.1:51037 POST /api/elevators/0/go_to_floor 1.1 200 17 651
DEBUG    [SERVER] Algorithm client processed tick 112
DEBUG    [SERVER] 电梯 E0 被设定为前往 F2
DEBUG    [SERVER] 电梯0 状态:stopped->stopped
DEBUG    [SERVER] 电梯0 状态:stopped->start_up 方向:up 位置:1.0 目标:1
DEBUG    [SERVER] 电梯1 状态:constant_speed->constant_speed 方向:up 位置:0.5 目标:1
DEBUG    [SERVER] Event emitted: elevator_move with data {'elevator': 0, 'from_position': 1.0, 'to_position': 1.1, 'direction': 'up', 'status': 'start_up'}
DEBUG    [SERVER] Event emitted: elevator_move with data {'elevator': 1, 'from_position': 0.5, 'to_position': 0.7, 'direction': 'up', 'status': 'constant_speed'}
DEBUG    [SERVER] Step completed - Final tick: 112, Total events: 2
DEBUG    [SERVER] Algorithm step: tick 112, events: 2
DEBUG    [SERVER] Stored 2 events for tick 112
[2025-10-23 20:48:39 +0800] [17183] [INFO] 127.0.0.1:51038 POST /api/step 1.1 200 413 707
[2025-10-23 20:48:39 +0800] [17183] [INFO] 127.0.0.1:51039 GET /api/state 1.1 200 8826 766
DEBUG    [SERVER] Algorithm client processed tick 113
DEBUG    [SERVER] 电梯0 状态:start_up->constant_speed 方向:up 位置:1.1 目标:2
DEBUG    [SERVER] 电梯1 状态:constant_speed->constant_speed 方向:up 位置:0.7 目标:1
DEBUG    [SERVER] Event emitted: elevator_move with data {'elevator': 0, 'from_position': 1.1, 'to_position': 1.3, 'direction': 'up', 'status': 'constant_speed'}
DEBUG    [SERVER] Event emitted: elevator_move with data {'elevator': 1, 'from_position': 0.7, 'to_position': 0.9, 'direction': 'up', 'status': 'constant_speed'}
DEBUG    [SERVER] Event emitted: elevator_approaching with data {'elevator': 1, 'floor': 1, 'direction': 'up'}
DEBUG    [SERVER] Step completed - Final tick: 113, Total events: 3
DEBUG    [SERVER] Algorithm step: tick 113, events: 3
DEBUG    [SERVER] Stored 3 events for tick 113
[2025-10-23 20:48:39 +0800] [17183] [INFO] 127.0.0.1:51040 POST /api/step 1.1 200 565 709
[2025-10-23 20:48:39 +0800] [17183] [INFO] 127.0.0.1:51041 GET /api/state 1.1 200 8828 761
DEBUG    [SERVER] Algorithm client processed tick 114
DEBUG    [SERVER] 电梯0 状态:constant_speed->constant_speed 方向:up 位置:1.3 目标:2
DEBUG    [SERVER] 电梯1 状态:start_down->start_down 方向:up 位置:0.9 目标:1
DEBUG    [SERVER] Event emitted: elevator_move with data {'elevator': 0, 'from_position': 1.3, 'to_position': 1.5, 'direction': 'up', 'status': 'constant_speed'}
DEBUG    [SERVER] Event emitted: stopped_at_floor with data {'elevator': 1, 'floor': 1, 'reason': 'move_reached'}
DEBUG    [SERVER] Step completed - Final tick: 114, Total events: 2
DEBUG    [SERVER] Algorithm step: tick 114, events: 2
DEBUG    [SERVER] Stored 2 events for tick 114
[2025-10-23 20:48:39 +0800] [17183] [INFO] 127.0.0.1:51042 POST /api/step 1.1 200 371 764
[2025-10-23 20:48:39 +0800] [17183] [INFO] 127.0.0.1:51043 GET /api/state 1.1 200 8825 702
DEBUG    [SERVER] 电梯 E1 下一目的地设定为 F3
[2025-10-23 20:48:39 +0800] [17183] [INFO] 127.0.0.1:51044 POST /api/elevators/1/go_to_floor 1.1 200 17 648
DEBUG    [SERVER] Algorithm client processed tick 115
DEBUG    [SERVER] 电梯0 状态:constant_speed->constant_speed 方向:up 位置:1.5 目标:2
DEBUG    [SERVER] 电梯 E1 被设定为前往 F3
DEBUG    [SERVER] 电梯1 状态:stopped->stopped
DEBUG    [SERVER] 电梯1 状态:stopped->start_up 方向:up 位置:1.0 目标:1
DEBUG    [SERVER] 乘客   53： 创建 | PassengerInfo(id=53, origin=1, destination=0, arrive_tick=115, pickup_tick=0, dropoff_tick=0, arrived=False, elevator_id=None)
DEBUG    [SERVER] Event emitted: down_button_pressed with data {'floor': 1, 'passenger': 53}
DEBUG    [SERVER] Event emitted: elevator_move with data {'elevator': 0, 'from_position': 1.5, 'to_position': 1.7, 'direction': 'up', 'status': 'constant_speed'}
DEBUG    [SERVER] Event emitted: elevator_move with data {'elevator': 1, 'from_position': 1.0, 'to_position': 1.1, 'direction': 'up', 'status': 'start_up'}
DEBUG    [SERVER] Step completed - Final tick: 115, Total events: 3
DEBUG    [SERVER] Algorithm step: tick 115, events: 3
DEBUG    [SERVER] Stored 3 events for tick 115
[2025-10-23 20:48:39 +0800] [17183] [INFO] 127.0.0.1:51045 POST /api/step 1.1 200 541 843
[2025-10-23 20:48:39 +0800] [17183] [INFO] 127.0.0.1:51046 GET /api/state 1.1 200 8975 842
DEBUG    [SERVER] Algorithm client processed tick 116
DEBUG    [SERVER] 电梯0 状态:constant_speed->constant_speed 方向:up 位置:1.7 目标:2
DEBUG    [SERVER] 电梯1 状态:start_up->constant_speed 方向:up 位置:1.1 目标:3
DEBUG    [SERVER] 乘客   54： 创建 | PassengerInfo(id=54, origin=2, destination=0, arrive_tick=116, pickup_tick=0, dropoff_tick=0, arrived=False, elevator_id=None)
DEBUG    [SERVER] Event emitted: down_button_pressed with data {'floor': 2, 'passenger': 54}
DEBUG    [SERVER] Event emitted: elevator_move with data {'elevator': 0, 'from_position': 1.7, 'to_position': 1.9, 'direction': 'up', 'status': 'constant_speed'}
DEBUG    [SERVER] Event emitted: elevator_approaching with data {'elevator': 0, 'floor': 2, 'direction': 'up'}
DEBUG    [SERVER] Event emitted: elevator_move with data {'elevator': 1, 'from_position': 1.1, 'to_position': 1.3, 'direction': 'up', 'status': 'constant_speed'}
DEBUG    [SERVER] Step completed - Final tick: 116, Total events: 4
DEBUG    [SERVER] Algorithm step: tick 116, events: 4
DEBUG    [SERVER] Stored 4 events for tick 116
[2025-10-23 20:48:39 +0800] [17183] [INFO] 127.0.0.1:51047 POST /api/step 1.1 200 693 763
[2025-10-23 20:48:39 +0800] [17183] [INFO] 127.0.0.1:51048 GET /api/state 1.1 200 9126 732
DEBUG    [SERVER] Algorithm client processed tick 117
DEBUG    [SERVER] 电梯0 状态:start_down->start_down 方向:up 位置:1.9 目标:2
DEBUG    [SERVER] 电梯1 状态:constant_speed->constant_speed 方向:up 位置:1.3 目标:3
DEBUG    [SERVER] Event emitted: stopped_at_floor with data {'elevator': 0, 'floor': 2, 'reason': 'move_reached'}
DEBUG    [SERVER] Event emitted: elevator_move with data {'elevator': 1, 'from_position': 1.3, 'to_position': 1.5, 'direction': 'up', 'status': 'constant_speed'}
DEBUG    [SERVER] Step completed - Final tick: 117, Total events: 2
DEBUG    [SERVER] Algorithm step: tick 117, events: 2
DEBUG    [SERVER] Stored 2 events for tick 117
[2025-10-23 20:48:39 +0800] [17183] [INFO] 127.0.0.1:51049 POST /api/step 1.1 200 371 1053
[2025-10-23 20:48:39 +0800] [17183] [INFO] 127.0.0.1:51050 GET /api/state 1.1 200 9123 754
DEBUG    [SERVER] 电梯 E0 下一目的地设定为 F3
[2025-10-23 20:48:39 +0800] [17183] [INFO] 127.0.0.1:51051 POST /api/elevators/0/go_to_floor 1.1 200 17 701
DEBUG    [SERVER] Algorithm client processed tick 118
DEBUG    [SERVER] 电梯 E0 被设定为前往 F3
DEBUG    [SERVER] 电梯0 状态:stopped->stopped
DEBUG    [SERVER] 电梯0 状态:stopped->start_up 方向:up 位置:2.0 目标:2
DEBUG    [SERVER] 电梯1 状态:constant_speed->constant_speed 方向:up 位置:1.5 目标:3
DEBUG    [SERVER] Event emitted: elevator_move with data {'elevator': 0, 'from_position': 2.0, 'to_position': 2.1, 'direction': 'up', 'status': 'start_up'}
DEBUG    [SERVER] Event emitted: elevator_move with data {'elevator': 1, 'from_position': 1.5, 'to_position': 1.7, 'direction': 'up', 'status': 'constant_speed'}
DEBUG    [SERVER] Step completed - Final tick: 118, Total events: 2
DEBUG    [SERVER] Algorithm step: tick 118, events: 2
DEBUG    [SERVER] Stored 2 events for tick 118
[2025-10-23 20:48:39 +0800] [17183] [INFO] 127.0.0.1:51052 POST /api/step 1.1 200 413 753
[2025-10-23 20:48:39 +0800] [17183] [INFO] 127.0.0.1:51053 GET /api/state 1.1 200 9124 844
DEBUG    [SERVER] Algorithm client processed tick 119
DEBUG    [SERVER] 电梯0 状态:start_up->constant_speed 方向:up 位置:2.1 目标:3
DEBUG    [SERVER] 电梯1 状态:constant_speed->constant_speed 方向:up 位置:1.7 目标:3
DEBUG    [SERVER] 乘客   55： 创建 | PassengerInfo(id=55, origin=5, destination=0, arrive_tick=119, pickup_tick=0, dropoff_tick=0, arrived=False, elevator_id=None)
DEBUG    [SERVER] Event emitted: down_button_pressed with data {'floor': 5, 'passenger': 55}
DEBUG    [SERVER] Event emitted: elevator_move with data {'elevator': 0, 'from_position': 2.1, 'to_position': 2.3, 'direction': 'up', 'status': 'constant_speed'}
DEBUG    [SERVER] Event emitted: elevator_move with data {'elevator': 1, 'from_position': 1.7, 'to_position': 1.9, 'direction': 'up', 'status': 'constant_speed'}
DEBUG    [SERVER] Event emitted: elevator_approaching with data {'elevator': 1, 'floor': 2, 'direction': 'up'}
DEBUG    [SERVER] Step completed - Final tick: 119, Total events: 4
DEBUG    [SERVER] Algorithm step: tick 119, events: 4
DEBUG    [SERVER] Stored 4 events for tick 119
[2025-10-23 20:48:39 +0800] [17183] [INFO] 127.0.0.1:51054 POST /api/step 1.1 200 693 769
[2025-10-23 20:48:39 +0800] [17183] [INFO] 127.0.0.1:51055 GET /api/state 1.1 200 9279 889
DEBUG    [SERVER] Algorithm client processed tick 120
DEBUG    [SERVER] 电梯0 状态:constant_speed->constant_speed 方向:up 位置:2.3 目标:3
DEBUG    [SERVER] 电梯1 状态:constant_speed->constant_speed 方向:up 位置:1.9 目标:3
DEBUG    [SERVER] Event emitted: elevator_move with data {'elevator': 0, 'from_position': 2.3, 'to_position': 2.5, 'direction': 'up', 'status': 'constant_speed'}
DEBUG    [SERVER] Event emitted: elevator_move with data {'elevator': 1, 'from_position': 1.9, 'to_position': 2.1, 'direction': 'up', 'status': 'constant_speed'}
DEBUG    [SERVER] Event emitted: passing_floor with data {'elevator': 1, 'floor': 2, 'direction': 'up'}
DEBUG    [SERVER] Step completed - Final tick: 120, Total events: 3
DEBUG    [SERVER] Algorithm step: tick 120, events: 3
DEBUG    [SERVER] Stored 3 events for tick 120
[2025-10-23 20:48:39 +0800] [17183] [INFO] 127.0.0.1:51056 POST /api/step 1.1 200 558 905
[2025-10-23 20:48:39 +0800] [17183] [INFO] 127.0.0.1:51057 GET /api/state 1.1 200 9279 785
DEBUG    [SERVER] Algorithm client processed tick 121
DEBUG    [SERVER] 电梯0 状态:constant_speed->constant_speed 方向:up 位置:2.5 目标:3
DEBUG    [SERVER] 电梯1 状态:constant_speed->constant_speed 方向:up 位置:2.1 目标:3
DEBUG    [SERVER] Event emitted: elevator_move with data {'elevator': 0, 'from_position': 2.5, 'to_position': 2.7, 'direction': 'up', 'status': 'constant_speed'}
DEBUG    [SERVER] Event emitted: elevator_move with data {'elevator': 1, 'from_position': 2.1, 'to_position': 2.3, 'direction': 'up', 'status': 'constant_speed'}
DEBUG    [SERVER] Step completed - Final tick: 121, Total events: 2
DEBUG    [SERVER] Algorithm step: tick 121, events: 2
DEBUG    [SERVER] Stored 2 events for tick 121
[2025-10-23 20:48:39 +0800] [17183] [INFO] 127.0.0.1:51058 POST /api/step 1.1 200 419 823
[2025-10-23 20:48:39 +0800] [17183] [INFO] 127.0.0.1:51059 GET /api/state 1.1 200 9279 787
DEBUG    [SERVER] Algorithm client processed tick 122
DEBUG    [SERVER] 电梯0 状态:constant_speed->constant_speed 方向:up 位置:2.7 目标:3
DEBUG    [SERVER] 电梯1 状态:constant_speed->constant_speed 方向:up 位置:2.3 目标:3
DEBUG    [SERVER] 乘客   56： 创建 | PassengerInfo(id=56, origin=5, destination=0, arrive_tick=122, pickup_tick=0, dropoff_tick=0, arrived=False, elevator_id=None)
DEBUG    [SERVER] Event emitted: down_button_pressed with data {'floor': 5, 'passenger': 56}
DEBUG    [SERVER] Event emitted: elevator_move with data {'elevator': 0, 'from_position': 2.7, 'to_position': 2.9, 'direction': 'up', 'status': 'constant_speed'}
DEBUG    [SERVER] Event emitted: elevator_approaching with data {'elevator': 0, 'floor': 3, 'direction': 'up'}
DEBUG    [SERVER] Event emitted: elevator_move with data {'elevator': 1, 'from_position': 2.3, 'to_position': 2.5, 'direction': 'up', 'status': 'constant_speed'}
DEBUG    [SERVER] Step completed - Final tick: 122, Total events: 4
DEBUG    [SERVER] Algorithm step: tick 122, events: 4
DEBUG    [SERVER] Stored 4 events for tick 122
[2025-10-23 20:48:39 +0800] [17183] [INFO] 127.0.0.1:51060 POST /api/step 1.1 200 693 854
[2025-10-23 20:48:39 +0800] [17183] [INFO] 127.0.0.1:51061 GET /api/state 1.1 200 9424 754
DEBUG    [SERVER] 电梯 E0 被设定为前往 F3
DEBUG    [SERVER] 电梯0 状态:start_down->start_down
[2025-10-23 20:48:39 +0800] [17183] [INFO] 127.0.0.1:51062 POST /api/elevators/0/go_to_floor 1.1 200 17 690
DEBUG    [SERVER] Algorithm client processed tick 123
DEBUG    [SERVER] 电梯0 状态:start_down->start_down 方向:up 位置:2.9 目标:3
DEBUG    [SERVER] 电梯1 状态:constant_speed->constant_speed 方向:up 位置:2.5 目标:3
DEBUG    [SERVER] Event emitted: stopped_at_floor with data {'elevator': 0, 'floor': 3, 'reason': 'move_reached'}
DEBUG    [SERVER] Event emitted: elevator_move with data {'elevator': 1, 'from_position': 2.5, 'to_position': 2.7, 'direction': 'up', 'status': 'constant_speed'}
DEBUG    [SERVER] Step completed - Final tick: 123, Total events: 2
DEBUG    [SERVER] Algorithm step: tick 123, events: 2
DEBUG    [SERVER] Stored 2 events for tick 123
[2025-10-23 20:48:39 +0800] [17183] [INFO] 127.0.0.1:51063 POST /api/step 1.1 200 371 730
[2025-10-23 20:48:39 +0800] [17183] [INFO] 127.0.0.1:51064 GET /api/state 1.1 200 9421 817
DEBUG    [SERVER] 电梯 E0 下一目的地设定为 F5
[2025-10-23 20:48:39 +0800] [17183] [INFO] 127.0.0.1:51065 POST /api/elevators/0/go_to_floor 1.1 200 17 891
DEBUG    [SERVER] Algorithm client processed tick 124
DEBUG    [SERVER] 电梯 E0 被设定为前往 F5
DEBUG    [SERVER] 电梯0 状态:stopped->stopped
DEBUG    [SERVER] 电梯0 状态:stopped->start_up 方向:up 位置:3.0 目标:3
DEBUG    [SERVER] 电梯1 状态:constant_speed->constant_speed 方向:up 位置:2.7 目标:3
DEBUG    [SERVER] 乘客   57： 创建 | PassengerInfo(id=57, origin=3, destination=2, arrive_tick=124, pickup_tick=0, dropoff_tick=0, arrived=False, elevator_id=None)
DEBUG    [SERVER] Event emitted: down_button_pressed with data {'floor': 3, 'passenger': 57}
DEBUG    [SERVER] Event emitted: elevator_move with data {'elevator': 0, 'from_position': 3.0, 'to_position': 3.1, 'direction': 'up', 'status': 'start_up'}
DEBUG    [SERVER] Event emitted: elevator_move with data {'elevator': 1, 'from_position': 2.7, 'to_position': 2.9, 'direction': 'up', 'status': 'constant_speed'}
DEBUG    [SERVER] Event emitted: elevator_approaching with data {'elevator': 1, 'floor': 3, 'direction': 'up'}
DEBUG    [SERVER] Step completed - Final tick: 124, Total events: 4
DEBUG    [SERVER] Algorithm step: tick 124, events: 4
DEBUG    [SERVER] Stored 4 events for tick 124
[2025-10-23 20:48:39 +0800] [17183] [INFO] 127.0.0.1:51066 POST /api/step 1.1 200 687 986
[2025-10-23 20:48:39 +0800] [17183] [INFO] 127.0.0.1:51067 GET /api/state 1.1 200 9567 897
DEBUG    [SERVER] Algorithm client processed tick 125
DEBUG    [SERVER] 电梯0 状态:start_up->constant_speed 方向:up 位置:3.1 目标:5
DEBUG    [SERVER] 电梯1 状态:start_down->start_down 方向:up 位置:2.9 目标:3
DEBUG    [SERVER] Event emitted: elevator_move with data {'elevator': 0, 'from_position': 3.1, 'to_position': 3.3, 'direction': 'up', 'status': 'constant_speed'}
DEBUG    [SERVER] Event emitted: stopped_at_floor with data {'elevator': 1, 'floor': 3, 'reason': 'move_reached'}
DEBUG    [SERVER] Step completed - Final tick: 125, Total events: 2
DEBUG    [SERVER] Algorithm step: tick 125, events: 2
DEBUG    [SERVER] Stored 2 events for tick 125
[2025-10-23 20:48:39 +0800] [17183] [INFO] 127.0.0.1:51068 POST /api/step 1.1 200 371 736
[2025-10-23 20:48:39 +0800] [17183] [INFO] 127.0.0.1:51069 GET /api/state 1.1 200 9570 777
DEBUG    [SERVER] 电梯 E1 下一目的地设定为 F2
[2025-10-23 20:48:39 +0800] [17183] [INFO] 127.0.0.1:51070 POST /api/elevators/1/go_to_floor 1.1 200 17 727
DEBUG    [SERVER] Algorithm client processed tick 126
DEBUG    [SERVER] 电梯0 状态:constant_speed->constant_speed 方向:up 位置:3.3 目标:5
DEBUG    [SERVER] 电梯 E1 被设定为前往 F2
DEBUG    [SERVER] 电梯1 状态:stopped->stopped
DEBUG    [SERVER] Event emitted: passenger_board with data {'elevator': 1, 'floor': 3, 'passenger': 35}
DEBUG    [SERVER] Event emitted: passenger_board with data {'elevator': 1, 'floor': 3, 'passenger': 43}
DEBUG    [SERVER] Event emitted: passenger_board with data {'elevator': 1, 'floor': 3, 'passenger': 45}
DEBUG    [SERVER] Event emitted: passenger_board with data {'elevator': 1, 'floor': 3, 'passenger': 47}
DEBUG    [SERVER] Event emitted: passenger_board with data {'elevator': 1, 'floor': 3, 'passenger': 49}
DEBUG    [SERVER] Event emitted: passenger_board with data {'elevator': 1, 'floor': 3, 'passenger': 50}
DEBUG    [SERVER] Event emitted: passenger_board with data {'elevator': 1, 'floor': 3, 'passenger': 57}
DEBUG    [SERVER] 电梯1 状态:stopped->start_up 方向:down 位置:3.0 目标:3
DEBUG    [SERVER] Event emitted: elevator_move with data {'elevator': 0, 'from_position': 3.3, 'to_position': 3.5, 'direction': 'up', 'status': 'constant_speed'}
DEBUG    [SERVER] Event emitted: elevator_move with data {'elevator': 1, 'from_position': 3.0, 'to_position': 2.9, 'direction': 'down', 'status': 'start_up'}
DEBUG    [SERVER] Step completed - Final tick: 126, Total events: 9
DEBUG    [SERVER] Algorithm step: tick 126, events: 9
DEBUG    [SERVER] Stored 9 events for tick 126
[2025-10-23 20:48:39 +0800] [17183] [INFO] 127.0.0.1:51071 POST /api/step 1.1 200 1388 1000
[2025-10-23 20:48:39 +0800] [17183] [INFO] 127.0.0.1:51072 GET /api/state 1.1 200 9567 788
DEBUG    [SERVER] Algorithm client processed tick 127
DEBUG    [SERVER] 电梯0 状态:constant_speed->constant_speed 方向:up 位置:3.5 目标:5
DEBUG    [SERVER] 电梯1 状态:start_up->constant_speed 方向:down 位置:2.9 目标:2
DEBUG    [SERVER] 乘客   58： 创建 | PassengerInfo(id=58, origin=3, destination=2, arrive_tick=127, pickup_tick=0, dropoff_tick=0, arrived=False, elevator_id=None)
DEBUG    [SERVER] Event emitted: down_button_pressed with data {'floor': 3, 'passenger': 58}
DEBUG    [SERVER] Event emitted: elevator_move with data {'elevator': 0, 'from_position': 3.5, 'to_position': 3.7, 'direction': 'up', 'status': 'constant_speed'}
DEBUG    [SERVER] Event emitted: elevator_move with data {'elevator': 1, 'from_position': 2.9, 'to_position': 2.7, 'direction': 'down', 'status': 'constant_speed'}
DEBUG    [SERVER] Step completed - Final tick: 127, Total events: 3
DEBUG    [SERVER] Algorithm step: tick 127, events: 3
DEBUG    [SERVER] Stored 3 events for tick 127
[2025-10-23 20:48:39 +0800] [17183] [INFO] 127.0.0.1:51073 POST /api/step 1.1 200 549 779
[2025-10-23 20:48:39 +0800] [17183] [INFO] 127.0.0.1:51074 GET /api/state 1.1 200 9720 892
DEBUG    [SERVER] Algorithm client processed tick 128
DEBUG    [SERVER] 电梯0 状态:constant_speed->constant_speed 方向:up 位置:3.7 目标:5
DEBUG    [SERVER] 电梯1 状态:constant_speed->constant_speed 方向:down 位置:2.7 目标:2
DEBUG    [SERVER] Event emitted: elevator_move with data {'elevator': 0, 'from_position': 3.7, 'to_position': 3.9, 'direction': 'up', 'status': 'constant_speed'}
DEBUG    [SERVER] Event emitted: elevator_approaching with data {'elevator': 0, 'floor': 4, 'direction': 'up'}
DEBUG    [SERVER] Event emitted: elevator_move with data {'elevator': 1, 'from_position': 2.7, 'to_position': 2.5, 'direction': 'down', 'status': 'constant_speed'}
DEBUG    [SERVER] Step completed - Final tick: 128, Total events: 3
DEBUG    [SERVER] Algorithm step: tick 128, events: 3
DEBUG    [SERVER] Stored 3 events for tick 128
[2025-10-23 20:48:39 +0800] [17183] [INFO] 127.0.0.1:51075 POST /api/step 1.1 200 567 1006
[2025-10-23 20:48:39 +0800] [17183] [INFO] 127.0.0.1:51076 GET /api/state 1.1 200 9720 812
DEBUG    [SERVER] Algorithm client processed tick 129
DEBUG    [SERVER] 电梯0 状态:constant_speed->constant_speed 方向:up 位置:3.9 目标:5
DEBUG    [SERVER] 电梯1 状态:constant_speed->constant_speed 方向:down 位置:2.5 目标:2
DEBUG    [SERVER] 乘客   59： 创建 | PassengerInfo(id=59, origin=2, destination=0, arrive_tick=129, pickup_tick=0, dropoff_tick=0, arrived=False, elevator_id=None)
DEBUG    [SERVER] Event emitted: down_button_pressed with data {'floor': 2, 'passenger': 59}
DEBUG    [SERVER] Event emitted: elevator_move with data {'elevator': 0, 'from_position': 3.9, 'to_position': 4.1, 'direction': 'up', 'status': 'constant_speed'}
DEBUG    [SERVER] Event emitted: passing_floor with data {'elevator': 0, 'floor': 4, 'direction': 'up'}
DEBUG    [SERVER] Event emitted: elevator_move with data {'elevator': 1, 'from_position': 2.5, 'to_position': 2.3, 'direction': 'down', 'status': 'constant_speed'}
DEBUG    [SERVER] Step completed - Final tick: 129, Total events: 4
DEBUG    [SERVER] Algorithm step: tick 129, events: 4
DEBUG    [SERVER] Stored 4 events for tick 129
[2025-10-23 20:48:39 +0800] [17183] [INFO] 127.0.0.1:51077 POST /api/step 1.1 200 688 805
[2025-10-23 20:48:39 +0800] [17183] [INFO] 127.0.0.1:51078 GET /api/state 1.1 200 9869 928
DEBUG    [SERVER] Algorithm client processed tick 130
DEBUG    [SERVER] 电梯0 状态:constant_speed->constant_speed 方向:up 位置:4.1 目标:5
DEBUG    [SERVER] 电梯1 状态:constant_speed->constant_speed 方向:down 位置:2.3 目标:2
DEBUG    [SERVER] 乘客   60： 创建 | PassengerInfo(id=60, origin=3, destination=0, arrive_tick=130, pickup_tick=0, dropoff_tick=0, arrived=False, elevator_id=None)
DEBUG    [SERVER] Event emitted: down_button_pressed with data {'floor': 3, 'passenger': 60}
DEBUG    [SERVER] Event emitted: elevator_move with data {'elevator': 0, 'from_position': 4.1, 'to_position': 4.3, 'direction': 'up', 'status': 'constant_speed'}
DEBUG    [SERVER] Event emitted: elevator_move with data {'elevator': 1, 'from_position': 2.3, 'to_position': 2.1, 'direction': 'down', 'status': 'constant_speed'}
DEBUG    [SERVER] Event emitted: elevator_approaching with data {'elevator': 1, 'floor': 2, 'direction': 'down'}
DEBUG    [SERVER] Step completed - Final tick: 130, Total events: 4
DEBUG    [SERVER] Algorithm step: tick 130, events: 4
DEBUG    [SERVER] Stored 4 events for tick 130
[2025-10-23 20:48:39 +0800] [17183] [INFO] 127.0.0.1:51079 POST /api/step 1.1 200 697 902
[2025-10-23 20:48:39 +0800] [17183] [INFO] 127.0.0.1:51080 GET /api/state 1.1 200 10014 772
DEBUG    [SERVER] 电梯 E1 被设定为前往 F2
DEBUG    [SERVER] 电梯1 状态:start_down->start_down
[2025-10-23 20:48:39 +0800] [17183] [INFO] 127.0.0.1:51081 POST /api/elevators/1/go_to_floor 1.1 200 17 723
DEBUG    [SERVER] Algorithm client processed tick 131
DEBUG    [SERVER] 电梯0 状态:constant_speed->constant_speed 方向:up 位置:4.3 目标:5
DEBUG    [SERVER] 电梯1 状态:start_down->start_down 方向:down 位置:2.1 目标:2
DEBUG    [SERVER] Event emitted: elevator_move with data {'elevator': 0, 'from_position': 4.3, 'to_position': 4.5, 'direction': 'up', 'status': 'constant_speed'}
DEBUG    [SERVER] Event emitted: stopped_at_floor with data {'elevator': 1, 'floor': 2, 'reason': 'move_reached'}
DEBUG    [SERVER] Event emitted: passenger_alight with data {'elevator': 1, 'floor': 2, 'passenger': 57}
DEBUG    [SERVER] Step completed - Final tick: 131, Total events: 3
DEBUG    [SERVER] Algorithm step: tick 131, events: 3
DEBUG    [SERVER] Stored 3 events for tick 131
[2025-10-23 20:48:39 +0800] [17183] [INFO] 127.0.0.1:51082 POST /api/step 1.1 200 511 955
[2025-10-23 20:48:39 +0800] [17183] [INFO] 127.0.0.1:51083 GET /api/state 1.1 200 9985 927
DEBUG    [SERVER] 电梯 E1 下一目的地设定为 F1
[2025-10-23 20:48:39 +0800] [17183] [INFO] 127.0.0.1:51084 POST /api/elevators/1/go_to_floor 1.1 200 17 750
DEBUG    [SERVER] Algorithm client processed tick 132
DEBUG    [SERVER] 电梯0 状态:constant_speed->constant_speed 方向:up 位置:4.5 目标:5
DEBUG    [SERVER] 电梯 E1 被设定为前往 F1
DEBUG    [SERVER] 电梯1 状态:stopped->stopped
DEBUG    [SERVER] Event emitted: passenger_board with data {'elevator': 1, 'floor': 2, 'passenger': 40}
DEBUG    [SERVER] Event emitted: passenger_board with data {'elevator': 1, 'floor': 2, 'passenger': 48}
DEBUG    [SERVER] 电梯1 状态:stopped->start_up 方向:down 位置:2.0 目标:2
DEBUG    [SERVER] Event emitted: elevator_move with data {'elevator': 0, 'from_position': 4.5, 'to_position': 4.7, 'direction': 'up', 'status': 'constant_speed'}
DEBUG    [SERVER] Event emitted: elevator_move with data {'elevator': 1, 'from_position': 2.0, 'to_position': 1.9, 'direction': 'down', 'status': 'start_up'}
DEBUG    [SERVER] Step completed - Final tick: 132, Total events: 4
DEBUG    [SERVER] Algorithm step: tick 132, events: 4
DEBUG    [SERVER] Stored 4 events for tick 132
[2025-10-23 20:48:39 +0800] [17183] [INFO] 127.0.0.1:51085 POST /api/step 1.1 200 693 829
[2025-10-23 20:48:39 +0800] [17183] [INFO] 127.0.0.1:51086 GET /api/state 1.1 200 9985 848
DEBUG    [SERVER] Algorithm client processed tick 133
DEBUG    [SERVER] 电梯0 状态:constant_speed->constant_speed 方向:up 位置:4.7 目标:5
DEBUG    [SERVER] 电梯1 状态:start_up->constant_speed 方向:down 位置:1.9 目标:1
DEBUG    [SERVER] Event emitted: elevator_move with data {'elevator': 0, 'from_position': 4.7, 'to_position': 4.9, 'direction': 'up', 'status': 'constant_speed'}
DEBUG    [SERVER] Event emitted: elevator_approaching with data {'elevator': 0, 'floor': 5, 'direction': 'up'}
DEBUG    [SERVER] Event emitted: elevator_move with data {'elevator': 1, 'from_position': 1.9, 'to_position': 1.7, 'direction': 'down', 'status': 'constant_speed'}
DEBUG    [SERVER] Step completed - Final tick: 133, Total events: 3
DEBUG    [SERVER] Algorithm step: tick 133, events: 3
DEBUG    [SERVER] Stored 3 events for tick 133
[2025-10-23 20:48:39 +0800] [17183] [INFO] 127.0.0.1:51087 POST /api/step 1.1 200 567 829
[2025-10-23 20:48:39 +0800] [17183] [INFO] 127.0.0.1:51088 GET /api/state 1.1 200 9987 759
DEBUG    [SERVER] Algorithm client processed tick 134
DEBUG    [SERVER] 电梯0 状态:start_down->start_down 方向:up 位置:4.9 目标:5
DEBUG    [SERVER] 电梯1 状态:constant_speed->constant_speed 方向:down 位置:1.7 目标:1
DEBUG    [SERVER] Event emitted: stopped_at_floor with data {'elevator': 0, 'floor': 5, 'reason': 'move_reached'}
DEBUG    [SERVER] Event emitted: elevator_move with data {'elevator': 1, 'from_position': 1.7, 'to_position': 1.5, 'direction': 'down', 'status': 'constant_speed'}
DEBUG    [SERVER] Step completed - Final tick: 134, Total events: 2
DEBUG    [SERVER] Algorithm step: tick 134, events: 2
DEBUG    [SERVER] Stored 2 events for tick 134
[2025-10-23 20:48:39 +0800] [17183] [INFO] 127.0.0.1:51089 POST /api/step 1.1 200 373 810
[2025-10-23 20:48:39 +0800] [17183] [INFO] 127.0.0.1:51090 GET /api/state 1.1 200 9984 822
DEBUG    [SERVER] 电梯 E0 下一目的地设定为 F3
[2025-10-23 20:48:40 +0800] [17183] [INFO] 127.0.0.1:51091 POST /api/elevators/0/go_to_floor 1.1 200 17 689
DEBUG    [SERVER] Algorithm client processed tick 135
DEBUG    [SERVER] 电梯 E0 被设定为前往 F3
DEBUG    [SERVER] 电梯0 状态:stopped->stopped
DEBUG    [SERVER] Event emitted: passenger_board with data {'elevator': 0, 'floor': 5, 'passenger': 44}
DEBUG    [SERVER] Event emitted: passenger_board with data {'elevator': 0, 'floor': 5, 'passenger': 51}
DEBUG    [SERVER] Event emitted: passenger_board with data {'elevator': 0, 'floor': 5, 'passenger': 52}
DEBUG    [SERVER] Event emitted: passenger_board with data {'elevator': 0, 'floor': 5, 'passenger': 55}
DEBUG    [SERVER] Event emitted: passenger_board with data {'elevator': 0, 'floor': 5, 'passenger': 56}
DEBUG    [SERVER] 电梯0 状态:stopped->start_up 方向:down 位置:5.0 目标:5
DEBUG    [SERVER] 电梯1 状态:constant_speed->constant_speed 方向:down 位置:1.5 目标:1
DEBUG    [SERVER] Event emitted: elevator_move with data {'elevator': 0, 'from_position': 5.0, 'to_position': 4.9, 'direction': 'down', 'status': 'start_up'}
DEBUG    [SERVER] Event emitted: elevator_move with data {'elevator': 1, 'from_position': 1.5, 'to_position': 1.3, 'direction': 'down', 'status': 'constant_speed'}
DEBUG    [SERVER] Step completed - Final tick: 135, Total events: 7
DEBUG    [SERVER] Algorithm step: tick 135, events: 7
DEBUG    [SERVER] Stored 7 events for tick 135
[2025-10-23 20:48:40 +0800] [17183] [INFO] 127.0.0.1:51092 POST /api/step 1.1 200 1112 766
[2025-10-23 20:48:40 +0800] [17183] [INFO] 127.0.0.1:51093 GET /api/state 1.1 200 9983 1168
DEBUG    [SERVER] Algorithm client processed tick 136
DEBUG    [SERVER] 电梯0 状态:start_up->constant_speed 方向:down 位置:4.9 目标:3
DEBUG    [SERVER] 电梯1 状态:constant_speed->constant_speed 方向:down 位置:1.3 目标:1
DEBUG    [SERVER] 乘客   61： 创建 | PassengerInfo(id=61, origin=5, destination=0, arrive_tick=136, pickup_tick=0, dropoff_tick=0, arrived=False, elevator_id=None)
DEBUG    [SERVER] Event emitted: down_button_pressed with data {'floor': 5, 'passenger': 61}
DEBUG    [SERVER] Event emitted: elevator_move with data {'elevator': 0, 'from_position': 4.9, 'to_position': 4.7, 'direction': 'down', 'status': 'constant_speed'}
DEBUG    [SERVER] Event emitted: elevator_move with data {'elevator': 1, 'from_position': 1.3, 'to_position': 1.1, 'direction': 'down', 'status': 'constant_speed'}
DEBUG    [SERVER] Event emitted: elevator_approaching with data {'elevator': 1, 'floor': 1, 'direction': 'down'}
DEBUG    [SERVER] Step completed - Final tick: 136, Total events: 4
DEBUG    [SERVER] Algorithm step: tick 136, events: 4
DEBUG    [SERVER] Stored 4 events for tick 136
[2025-10-23 20:48:40 +0800] [17183] [INFO] 127.0.0.1:51094 POST /api/step 1.1 200 699 731
[2025-10-23 20:48:40 +0800] [17183] [INFO] 127.0.0.1:51095 GET /api/state 1.1 200 10132 772
DEBUG    [SERVER] Algorithm client processed tick 137
DEBUG    [SERVER] 电梯0 状态:constant_speed->constant_speed 方向:down 位置:4.7 目标:3
DEBUG    [SERVER] 电梯1 状态:start_down->start_down 方向:down 位置:1.1 目标:1
DEBUG    [SERVER] Event emitted: elevator_move with data {'elevator': 0, 'from_position': 4.7, 'to_position': 4.5, 'direction': 'down', 'status': 'constant_speed'}
DEBUG    [SERVER] Event emitted: stopped_at_floor with data {'elevator': 1, 'floor': 1, 'reason': 'move_reached'}
DEBUG    [SERVER] Step completed - Final tick: 137, Total events: 2
DEBUG    [SERVER] Algorithm step: tick 137, events: 2
DEBUG    [SERVER] Stored 2 events for tick 137
[2025-10-23 20:48:40 +0800] [17183] [INFO] 127.0.0.1:51096 POST /api/step 1.1 200 373 920
[2025-10-23 20:48:40 +0800] [17183] [INFO] 127.0.0.1:51097 GET /api/state 1.1 200 10128 890
DEBUG    [SERVER] 电梯 E1 下一目的地设定为 F0
[2025-10-23 20:48:40 +0800] [17183] [INFO] 127.0.0.1:51098 POST /api/elevators/1/go_to_floor 1.1 200 17 671
DEBUG    [SERVER] Algorithm client processed tick 138
DEBUG    [SERVER] 电梯0 状态:constant_speed->constant_speed 方向:down 位置:4.5 目标:3
DEBUG    [SERVER] 电梯 E1 被设定为前往 F0
DEBUG    [SERVER] 电梯1 状态:stopped->stopped
DEBUG    [SERVER] 电梯1 状态:stopped->start_up 方向:down 位置:1.0 目标:1
DEBUG    [SERVER] 乘客   62： 创建 | PassengerInfo(id=62, origin=5, destination=0, arrive_tick=138, pickup_tick=0, dropoff_tick=0, arrived=False, elevator_id=None)
DEBUG    [SERVER] Event emitted: down_button_pressed with data {'floor': 5, 'passenger': 62}
DEBUG    [SERVER] Event emitted: elevator_move with data {'elevator': 0, 'from_position': 4.5, 'to_position': 4.3, 'direction': 'down', 'status': 'constant_speed'}
DEBUG    [SERVER] Event emitted: elevator_move with data {'elevator': 1, 'from_position': 1.0, 'to_position': 0.9, 'direction': 'down', 'status': 'start_up'}
DEBUG    [SERVER] Step completed - Final tick: 138, Total events: 3
DEBUG    [SERVER] Algorithm step: tick 138, events: 3
DEBUG    [SERVER] Stored 3 events for tick 138
[2025-10-23 20:48:40 +0800] [17183] [INFO] 127.0.0.1:51099 POST /api/step 1.1 200 545 732
[2025-10-23 20:48:40 +0800] [17183] [INFO] 127.0.0.1:51100 GET /api/state 1.1 200 10279 802
DEBUG    [SERVER] Algorithm client processed tick 139
DEBUG    [SERVER] 电梯0 状态:constant_speed->constant_speed 方向:down 位置:4.3 目标:3
DEBUG    [SERVER] 电梯1 状态:start_up->constant_speed 方向:down 位置:0.9 目标:0
DEBUG    [SERVER] Event emitted: elevator_move with data {'elevator': 0, 'from_position': 4.3, 'to_position': 4.1, 'direction': 'down', 'status': 'constant_speed'}
DEBUG    [SERVER] Event emitted: elevator_approaching with data {'elevator': 0, 'floor': 4, 'direction': 'down'}
DEBUG    [SERVER] Event emitted: elevator_move with data {'elevator': 1, 'from_position': 0.9, 'to_position': 0.7, 'direction': 'down', 'status': 'constant_speed'}
DEBUG    [SERVER] Step completed - Final tick: 139, Total events: 3
DEBUG    [SERVER] Algorithm step: tick 139, events: 3
DEBUG    [SERVER] Stored 3 events for tick 139
[2025-10-23 20:48:40 +0800] [17183] [INFO] 127.0.0.1:51101 POST /api/step 1.1 200 571 830
[2025-10-23 20:48:40 +0800] [17183] [INFO] 127.0.0.1:51102 GET /api/state 1.1 200 10285 746
DEBUG    [SERVER] Algorithm client processed tick 140
DEBUG    [SERVER] 电梯0 状态:constant_speed->constant_speed 方向:down 位置:4.1 目标:3
DEBUG    [SERVER] 电梯1 状态:constant_speed->constant_speed 方向:down 位置:0.7 目标:0
DEBUG    [SERVER] Event emitted: elevator_move with data {'elevator': 0, 'from_position': 4.1, 'to_position': 3.9, 'direction': 'down', 'status': 'constant_speed'}
DEBUG    [SERVER] Event emitted: passing_floor with data {'elevator': 0, 'floor': 4, 'direction': 'down'}
DEBUG    [SERVER] Event emitted: elevator_move with data {'elevator': 1, 'from_position': 0.7, 'to_position': 0.5, 'direction': 'down', 'status': 'constant_speed'}
DEBUG    [SERVER] Step completed - Final tick: 140, Total events: 3
DEBUG    [SERVER] Algorithm step: tick 140, events: 3
DEBUG    [SERVER] Stored 3 events for tick 140
[2025-10-23 20:48:40 +0800] [17183] [INFO] 127.0.0.1:51103 POST /api/step 1.1 200 564 762
[2025-10-23 20:48:40 +0800] [17183] [INFO] 127.0.0.1:51104 GET /api/state 1.1 200 10285 751
DEBUG    [SERVER] Algorithm client processed tick 141
DEBUG    [SERVER] 电梯0 状态:constant_speed->constant_speed 方向:down 位置:3.9 目标:3
DEBUG    [SERVER] 电梯1 状态:constant_speed->constant_speed 方向:down 位置:0.5 目标:0
DEBUG    [SERVER] Event emitted: elevator_move with data {'elevator': 0, 'from_position': 3.9, 'to_position': 3.7, 'direction': 'down', 'status': 'constant_speed'}
DEBUG    [SERVER] Event emitted: elevator_move with data {'elevator': 1, 'from_position': 0.5, 'to_position': 0.3, 'direction': 'down', 'status': 'constant_speed'}
DEBUG    [SERVER] Step completed - Final tick: 141, Total events: 2
DEBUG    [SERVER] Algorithm step: tick 141, events: 2
DEBUG    [SERVER] Stored 2 events for tick 141
[2025-10-23 20:48:40 +0800] [17183] [INFO] 127.0.0.1:51105 POST /api/step 1.1 200 423 803
[2025-10-23 20:48:40 +0800] [17183] [INFO] 127.0.0.1:51106 GET /api/state 1.1 200 10285 758
DEBUG    [SERVER] Algorithm client processed tick 142
DEBUG    [SERVER] 电梯0 状态:constant_speed->constant_speed 方向:down 位置:3.7 目标:3
DEBUG    [SERVER] 电梯1 状态:constant_speed->constant_speed 方向:down 位置:0.3 目标:0
DEBUG    [SERVER] Event emitted: elevator_move with data {'elevator': 0, 'from_position': 3.7, 'to_position': 3.5, 'direction': 'down', 'status': 'constant_speed'}
DEBUG    [SERVER] Event emitted: elevator_move with data {'elevator': 1, 'from_position': 0.3, 'to_position': 0.1, 'direction': 'down', 'status': 'constant_speed'}
DEBUG    [SERVER] Event emitted: elevator_approaching with data {'elevator': 1, 'floor': 0, 'direction': 'down'}
DEBUG    [SERVER] Step completed - Final tick: 142, Total events: 3
DEBUG    [SERVER] Algorithm step: tick 142, events: 3
DEBUG    [SERVER] Stored 3 events for tick 142
[2025-10-23 20:48:40 +0800] [17183] [INFO] 127.0.0.1:51107 POST /api/step 1.1 200 571 776
[2025-10-23 20:48:40 +0800] [17183] [INFO] 127.0.0.1:51108 GET /api/state 1.1 200 10281 746
DEBUG    [SERVER] 电梯 E1 被设定为前往 F0
DEBUG    [SERVER] 电梯1 状态:start_down->start_down
[2025-10-23 20:48:40 +0800] [17183] [INFO] 127.0.0.1:51109 POST /api/elevators/1/go_to_floor 1.1 200 17 715
DEBUG    [SERVER] Algorithm client processed tick 143
DEBUG    [SERVER] 电梯0 状态:constant_speed->constant_speed 方向:down 位置:3.5 目标:3
DEBUG    [SERVER] 电梯1 状态:start_down->start_down 方向:down 位置:0.1 目标:0
DEBUG    [SERVER] Event emitted: elevator_move with data {'elevator': 0, 'from_position': 3.5, 'to_position': 3.3, 'direction': 'down', 'status': 'constant_speed'}
DEBUG    [SERVER] Event emitted: stopped_at_floor with data {'elevator': 1, 'floor': 0, 'reason': 'move_reached'}
DEBUG    [SERVER] Event emitted: passenger_alight with data {'elevator': 1, 'floor': 0, 'passenger': 35}
DEBUG    [SERVER] Event emitted: passenger_alight with data {'elevator': 1, 'floor': 0, 'passenger': 43}
DEBUG    [SERVER] Event emitted: passenger_alight with data {'elevator': 1, 'floor': 0, 'passenger': 45}
DEBUG    [SERVER] Event emitted: passenger_alight with data {'elevator': 1, 'floor': 0, 'passenger': 47}
DEBUG    [SERVER] Event emitted: passenger_alight with data {'elevator': 1, 'floor': 0, 'passenger': 49}
DEBUG    [SERVER] Event emitted: passenger_alight with data {'elevator': 1, 'floor': 0, 'passenger': 50}
DEBUG    [SERVER] Event emitted: passenger_alight with data {'elevator': 1, 'floor': 0, 'passenger': 40}
DEBUG    [SERVER] Event emitted: passenger_alight with data {'elevator': 1, 'floor': 0, 'passenger': 48}
DEBUG    [SERVER] Step completed - Final tick: 143, Total events: 10
DEBUG    [SERVER] Algorithm step: tick 143, events: 10
DEBUG    [SERVER] Stored 10 events for tick 143
[2025-10-23 20:48:40 +0800] [17183] [INFO] 127.0.0.1:51110 POST /api/step 1.1 200 1493 781
[2025-10-23 20:48:40 +0800] [17183] [INFO] 127.0.0.1:51111 GET /api/state 1.1 200 10280 774
DEBUG    [SERVER] 电梯 E1 下一目的地设定为 F1
[2025-10-23 20:48:40 +0800] [17183] [INFO] 127.0.0.1:51112 POST /api/elevators/1/go_to_floor 1.1 200 17 653
DEBUG    [SERVER] Algorithm client processed tick 144
DEBUG    [SERVER] 电梯0 状态:constant_speed->constant_speed 方向:down 位置:3.3 目标:3
DEBUG    [SERVER] 电梯 E1 被设定为前往 F1
DEBUG    [SERVER] 电梯1 状态:stopped->stopped
DEBUG    [SERVER] 电梯1 状态:stopped->start_up 方向:up 位置:0.0 目标:0
DEBUG    [SERVER] Event emitted: elevator_move with data {'elevator': 0, 'from_position': 3.3, 'to_position': 3.1, 'direction': 'down', 'status': 'constant_speed'}
DEBUG    [SERVER] Event emitted: elevator_approaching with data {'elevator': 0, 'floor': 3, 'direction': 'down'}
DEBUG    [SERVER] Event emitted: elevator_move with data {'elevator': 1, 'from_position': 0.0, 'to_position': 0.1, 'direction': 'up', 'status': 'start_up'}
DEBUG    [SERVER] Step completed - Final tick: 144, Total events: 3
DEBUG    [SERVER] Algorithm step: tick 144, events: 3
DEBUG    [SERVER] Stored 3 events for tick 144
[2025-10-23 20:48:40 +0800] [17183] [INFO] 127.0.0.1:51113 POST /api/step 1.1 200 563 721
[2025-10-23 20:48:40 +0800] [17183] [INFO] 127.0.0.1:51114 GET /api/state 1.1 200 10275 866
DEBUG    [SERVER] 电梯 E0 被设定为前往 F3
DEBUG    [SERVER] 电梯0 状态:start_down->start_down
[2025-10-23 20:48:40 +0800] [17183] [INFO] 127.0.0.1:51115 POST /api/elevators/0/go_to_floor 1.1 200 17 682
DEBUG    [SERVER] Algorithm client processed tick 145
DEBUG    [SERVER] 电梯0 状态:start_down->start_down 方向:down 位置:3.1 目标:3
DEBUG    [SERVER] 电梯1 状态:start_up->constant_speed 方向:up 位置:0.1 目标:1
DEBUG    [SERVER] Event emitted: stopped_at_floor with data {'elevator': 0, 'floor': 3, 'reason': 'move_reached'}
DEBUG    [SERVER] Event emitted: elevator_move with data {'elevator': 1, 'from_position': 0.1, 'to_position': 0.3, 'direction': 'up', 'status': 'constant_speed'}
DEBUG    [SERVER] Step completed - Final tick: 145, Total events: 2
DEBUG    [SERVER] Algorithm step: tick 145, events: 2
DEBUG    [SERVER] Stored 2 events for tick 145
[2025-10-23 20:48:40 +0800] [17183] [INFO] 127.0.0.1:51116 POST /api/step 1.1 200 371 726
[2025-10-23 20:48:40 +0800] [17183] [INFO] 127.0.0.1:51117 GET /api/state 1.1 200 10277 826
DEBUG    [SERVER] 电梯 E0 下一目的地设定为 F2
[2025-10-23 20:48:40 +0800] [17183] [INFO] 127.0.0.1:51118 POST /api/elevators/0/go_to_floor 1.1 200 17 691
DEBUG    [SERVER] Algorithm client processed tick 146
DEBUG    [SERVER] 电梯 E0 被设定为前往 F2
DEBUG    [SERVER] 电梯0 状态:stopped->stopped
DEBUG    [SERVER] Event emitted: passenger_board with data {'elevator': 0, 'floor': 3, 'passenger': 58}
DEBUG    [SERVER] Event emitted: passenger_board with data {'elevator': 0, 'floor': 3, 'passenger': 60}
DEBUG    [SERVER] 电梯0 状态:stopped->start_up 方向:down 位置:3.0 目标:3
DEBUG    [SERVER] 电梯1 状态:constant_speed->constant_speed 方向:up 位置:0.3 目标:1
DEBUG    [SERVER] Event emitted: elevator_move with data {'elevator': 0, 'from_position': 3.0, 'to_position': 2.9, 'direction': 'down', 'status': 'start_up'}
DEBUG    [SERVER] Event emitted: elevator_move with data {'elevator': 1, 'from_position': 0.3, 'to_position': 0.5, 'direction': 'up', 'status': 'constant_speed'}
DEBUG    [SERVER] Step completed - Final tick: 146, Total events: 4
DEBUG    [SERVER] Algorithm step: tick 146, events: 4
DEBUG    [SERVER] Stored 4 events for tick 146
[2025-10-23 20:48:40 +0800] [17183] [INFO] 127.0.0.1:51119 POST /api/step 1.1 200 693 734
[2025-10-23 20:48:40 +0800] [17183] [INFO] 127.0.0.1:51120 GET /api/state 1.1 200 10279 780
DEBUG    [SERVER] Algorithm client processed tick 147
DEBUG    [SERVER] 电梯0 状态:start_up->constant_speed 方向:down 位置:2.9 目标:2
DEBUG    [SERVER] 电梯1 状态:constant_speed->constant_speed 方向:up 位置:0.5 目标:1
DEBUG    [SERVER] Event emitted: elevator_move with data {'elevator': 0, 'from_position': 2.9, 'to_position': 2.7, 'direction': 'down', 'status': 'constant_speed'}
DEBUG    [SERVER] Event emitted: elevator_move with data {'elevator': 1, 'from_position': 0.5, 'to_position': 0.7, 'direction': 'up', 'status': 'constant_speed'}
DEBUG    [SERVER] Step completed - Final tick: 147, Total events: 2
DEBUG    [SERVER] Algorithm step: tick 147, events: 2
DEBUG    [SERVER] Stored 2 events for tick 147
[2025-10-23 20:48:40 +0800] [17183] [INFO] 127.0.0.1:51121 POST /api/step 1.1 200 421 811
[2025-10-23 20:48:40 +0800] [17183] [INFO] 127.0.0.1:51122 GET /api/state 1.1 200 10285 748
DEBUG    [SERVER] Algorithm client processed tick 148
DEBUG    [SERVER] 电梯0 状态:constant_speed->constant_speed 方向:down 位置:2.7 目标:2
DEBUG    [SERVER] 电梯1 状态:constant_speed->constant_speed 方向:up 位置:0.7 目标:1
DEBUG    [SERVER] 乘客   63： 创建 | PassengerInfo(id=63, origin=2, destination=0, arrive_tick=148, pickup_tick=0, dropoff_tick=0, arrived=False, elevator_id=None)
DEBUG    [SERVER] Event emitted: down_button_pressed with data {'floor': 2, 'passenger': 63}
DEBUG    [SERVER] Event emitted: elevator_move with data {'elevator': 0, 'from_position': 2.7, 'to_position': 2.5, 'direction': 'down', 'status': 'constant_speed'}
DEBUG    [SERVER] Event emitted: elevator_move with data {'elevator': 1, 'from_position': 0.7, 'to_position': 0.9, 'direction': 'up', 'status': 'constant_speed'}
DEBUG    [SERVER] Event emitted: elevator_approaching with data {'elevator': 1, 'floor': 1, 'direction': 'up'}
DEBUG    [SERVER] Step completed - Final tick: 148, Total events: 4
DEBUG    [SERVER] Algorithm step: tick 148, events: 4
DEBUG    [SERVER] Stored 4 events for tick 148
[2025-10-23 20:48:40 +0800] [17183] [INFO] 127.0.0.1:51123 POST /api/step 1.1 200 695 845
[2025-10-23 20:48:40 +0800] [17183] [INFO] 127.0.0.1:51124 GET /api/state 1.1 200 10430 739
DEBUG    [SERVER] Algorithm client processed tick 149
DEBUG    [SERVER] 电梯0 状态:constant_speed->constant_speed 方向:down 位置:2.5 目标:2
DEBUG    [SERVER] 电梯1 状态:start_down->start_down 方向:up 位置:0.9 目标:1
DEBUG    [SERVER] Event emitted: elevator_move with data {'elevator': 0, 'from_position': 2.5, 'to_position': 2.3, 'direction': 'down', 'status': 'constant_speed'}
DEBUG    [SERVER] Event emitted: stopped_at_floor with data {'elevator': 1, 'floor': 1, 'reason': 'move_reached'}
DEBUG    [SERVER] Step completed - Final tick: 149, Total events: 2
DEBUG    [SERVER] Algorithm step: tick 149, events: 2
DEBUG    [SERVER] Stored 2 events for tick 149
[2025-10-23 20:48:40 +0800] [17183] [INFO] 127.0.0.1:51125 POST /api/step 1.1 200 373 717
[2025-10-23 20:48:40 +0800] [17183] [INFO] 127.0.0.1:51126 GET /api/state 1.1 200 10427 743
DEBUG    [SERVER] 电梯 E1 下一目的地设定为 F2
[2025-10-23 20:48:40 +0800] [17183] [INFO] 127.0.0.1:51127 POST /api/elevators/1/go_to_floor 1.1 200 17 787
DEBUG    [SERVER] Algorithm client processed tick 150
DEBUG    [SERVER] 电梯0 状态:constant_speed->constant_speed 方向:down 位置:2.3 目标:2
DEBUG    [SERVER] 电梯 E1 被设定为前往 F2
DEBUG    [SERVER] 电梯1 状态:stopped->stopped
DEBUG    [SERVER] 电梯1 状态:stopped->start_up 方向:up 位置:1.0 目标:1
DEBUG    [SERVER] 乘客   64： 创建 | PassengerInfo(id=64, origin=2, destination=0, arrive_tick=150, pickup_tick=0, dropoff_tick=0, arrived=False, elevator_id=None)
DEBUG    [SERVER] Event emitted: down_button_pressed with data {'floor': 2, 'passenger': 64}
DEBUG    [SERVER] Event emitted: elevator_move with data {'elevator': 0, 'from_position': 2.3, 'to_position': 2.1, 'direction': 'down', 'status': 'constant_speed'}
DEBUG    [SERVER] Event emitted: elevator_approaching with data {'elevator': 0, 'floor': 2, 'direction': 'down'}
DEBUG    [SERVER] Event emitted: elevator_move with data {'elevator': 1, 'from_position': 1.0, 'to_position': 1.1, 'direction': 'up', 'status': 'start_up'}
DEBUG    [SERVER] Step completed - Final tick: 150, Total events: 4
DEBUG    [SERVER] Algorithm step: tick 150, events: 4
DEBUG    [SERVER] Stored 4 events for tick 150
[2025-10-23 20:48:40 +0800] [17183] [INFO] 127.0.0.1:51128 POST /api/step 1.1 200 691 775
[2025-10-23 20:48:40 +0800] [17183] [INFO] 127.0.0.1:51129 GET /api/state 1.1 200 10573 760
DEBUG    [SERVER] 电梯 E0 被设定为前往 F2
DEBUG    [SERVER] 电梯0 状态:start_down->start_down
[2025-10-23 20:48:40 +0800] [17183] [INFO] 127.0.0.1:51130 POST /api/elevators/0/go_to_floor 1.1 200 17 706
DEBUG    [SERVER] Algorithm client processed tick 151
DEBUG    [SERVER] 电梯0 状态:start_down->start_down 方向:down 位置:2.1 目标:2
DEBUG    [SERVER] 电梯1 状态:start_up->constant_speed 方向:up 位置:1.1 目标:2
DEBUG    [SERVER] Event emitted: stopped_at_floor with data {'elevator': 0, 'floor': 2, 'reason': 'move_reached'}
DEBUG    [SERVER] Event emitted: elevator_move with data {'elevator': 1, 'from_position': 1.1, 'to_position': 1.3, 'direction': 'up', 'status': 'constant_speed'}
DEBUG    [SERVER] Event emitted: passenger_alight with data {'elevator': 0, 'floor': 2, 'passenger': 58}
DEBUG    [SERVER] Step completed - Final tick: 151, Total events: 3
DEBUG    [SERVER] Algorithm step: tick 151, events: 3
DEBUG    [SERVER] Stored 3 events for tick 151
[2025-10-23 20:48:40 +0800] [17183] [INFO] 127.0.0.1:51131 POST /api/step 1.1 200 511 914
[2025-10-23 20:48:40 +0800] [17183] [INFO] 127.0.0.1:51132 GET /api/state 1.1 200 10571 844
DEBUG    [SERVER] 电梯 E0 下一目的地设定为 F1
[2025-10-23 20:48:40 +0800] [17183] [INFO] 127.0.0.1:51133 POST /api/elevators/0/go_to_floor 1.1 200 17 684
DEBUG    [SERVER] Algorithm client processed tick 152
DEBUG    [SERVER] 电梯 E0 被设定为前往 F1
DEBUG    [SERVER] 电梯0 状态:stopped->stopped
DEBUG    [SERVER] Event emitted: passenger_board with data {'elevator': 0, 'floor': 2, 'passenger': 54}
DEBUG    [SERVER] Event emitted: passenger_board with data {'elevator': 0, 'floor': 2, 'passenger': 59}
DEBUG    [SERVER] 电梯0 状态:stopped->start_up 方向:down 位置:2.0 目标:2
DEBUG    [SERVER] 电梯1 状态:constant_speed->constant_speed 方向:up 位置:1.3 目标:2
DEBUG    [SERVER] Event emitted: elevator_move with data {'elevator': 0, 'from_position': 2.0, 'to_position': 1.9, 'direction': 'down', 'status': 'start_up'}
DEBUG    [SERVER] Event emitted: elevator_move with data {'elevator': 1, 'from_position': 1.3, 'to_position': 1.5, 'direction': 'up', 'status': 'constant_speed'}
DEBUG    [SERVER] Step completed - Final tick: 152, Total events: 4
DEBUG    [SERVER] Algorithm step: tick 152, events: 4
DEBUG    [SERVER] Stored 4 events for tick 152
[2025-10-23 20:48:40 +0800] [17183] [INFO] 127.0.0.1:51134 POST /api/step 1.1 200 693 735
[2025-10-23 20:48:40 +0800] [17183] [INFO] 127.0.0.1:51135 GET /api/state 1.1 200 10571 848
DEBUG    [SERVER] Algorithm client processed tick 153
DEBUG    [SERVER] 电梯0 状态:start_up->constant_speed 方向:down 位置:1.9 目标:1
DEBUG    [SERVER] 电梯1 状态:constant_speed->constant_speed 方向:up 位置:1.5 目标:2
DEBUG    [SERVER] 乘客   65： 创建 | PassengerInfo(id=65, origin=5, destination=0, arrive_tick=153, pickup_tick=0, dropoff_tick=0, arrived=False, elevator_id=None)
DEBUG    [SERVER] Event emitted: down_button_pressed with data {'floor': 5, 'passenger': 65}
DEBUG    [SERVER] Event emitted: elevator_move with data {'elevator': 0, 'from_position': 1.9, 'to_position': 1.7, 'direction': 'down', 'status': 'constant_speed'}
DEBUG    [SERVER] Event emitted: elevator_move with data {'elevator': 1, 'from_position': 1.5, 'to_position': 1.7, 'direction': 'up', 'status': 'constant_speed'}
DEBUG    [SERVER] Step completed - Final tick: 153, Total events: 3
DEBUG    [SERVER] Algorithm step: tick 153, events: 3
DEBUG    [SERVER] Stored 3 events for tick 153
[2025-10-23 20:48:40 +0800] [17183] [INFO] 127.0.0.1:51136 POST /api/step 1.1 200 549 725
[2025-10-23 20:48:40 +0800] [17183] [INFO] 127.0.0.1:51137 GET /api/state 1.1 200 10726 759
DEBUG    [SERVER] Algorithm client processed tick 154
DEBUG    [SERVER] 电梯0 状态:constant_speed->constant_speed 方向:down 位置:1.7 目标:1
DEBUG    [SERVER] 电梯1 状态:constant_speed->constant_speed 方向:up 位置:1.7 目标:2
DEBUG    [SERVER] Event emitted: elevator_move with data {'elevator': 0, 'from_position': 1.7, 'to_position': 1.5, 'direction': 'down', 'status': 'constant_speed'}
DEBUG    [SERVER] Event emitted: elevator_move with data {'elevator': 1, 'from_position': 1.7, 'to_position': 1.9, 'direction': 'up', 'status': 'constant_speed'}
DEBUG    [SERVER] Event emitted: elevator_approaching with data {'elevator': 1, 'floor': 2, 'direction': 'up'}
DEBUG    [SERVER] Step completed - Final tick: 154, Total events: 3
DEBUG    [SERVER] Algorithm step: tick 154, events: 3
DEBUG    [SERVER] Stored 3 events for tick 154
[2025-10-23 20:48:40 +0800] [17183] [INFO] 127.0.0.1:51138 POST /api/step 1.1 200 567 1084
[2025-10-23 20:48:40 +0800] [17183] [INFO] 127.0.0.1:51139 GET /api/state 1.1 200 10722 787
DEBUG    [SERVER] 电梯 E1 被设定为前往 F2
DEBUG    [SERVER] 电梯1 状态:start_down->start_down
[2025-10-23 20:48:40 +0800] [17183] [INFO] 127.0.0.1:51140 POST /api/elevators/1/go_to_floor 1.1 200 17 711
DEBUG    [SERVER] Algorithm client processed tick 155
DEBUG    [SERVER] 电梯0 状态:constant_speed->constant_speed 方向:down 位置:1.5 目标:1
DEBUG    [SERVER] 电梯1 状态:start_down->start_down 方向:up 位置:1.9 目标:2
DEBUG    [SERVER] Event emitted: elevator_move with data {'elevator': 0, 'from_position': 1.5, 'to_position': 1.3, 'direction': 'down', 'status': 'constant_speed'}
DEBUG    [SERVER] Event emitted: stopped_at_floor with data {'elevator': 1, 'floor': 2, 'reason': 'move_reached'}
DEBUG    [SERVER] Step completed - Final tick: 155, Total events: 2
DEBUG    [SERVER] Algorithm step: tick 155, events: 2
DEBUG    [SERVER] Stored 2 events for tick 155
[2025-10-23 20:48:40 +0800] [17183] [INFO] 127.0.0.1:51141 POST /api/step 1.1 200 373 728
[2025-10-23 20:48:40 +0800] [17183] [INFO] 127.0.0.1:51142 GET /api/state 1.1 200 10719 851
DEBUG    [SERVER] 电梯 E1 下一目的地设定为 F5
[2025-10-23 20:48:40 +0800] [17183] [INFO] 127.0.0.1:51143 POST /api/elevators/1/go_to_floor 1.1 200 17 669
DEBUG    [SERVER] Algorithm client processed tick 156
DEBUG    [SERVER] 电梯0 状态:constant_speed->constant_speed 方向:down 位置:1.3 目标:1
DEBUG    [SERVER] 电梯 E1 被设定为前往 F5
DEBUG    [SERVER] 电梯1 状态:stopped->stopped
DEBUG    [SERVER] 电梯1 状态:stopped->start_up 方向:up 位置:2.0 目标:2
DEBUG    [SERVER] Event emitted: elevator_move with data {'elevator': 0, 'from_position': 1.3, 'to_position': 1.1, 'direction': 'down', 'status': 'constant_speed'}
DEBUG    [SERVER] Event emitted: elevator_approaching with data {'elevator': 0, 'floor': 1, 'direction': 'down'}
DEBUG    [SERVER] Event emitted: elevator_move with data {'elevator': 1, 'from_position': 2.0, 'to_position': 2.1, 'direction': 'up', 'status': 'start_up'}
DEBUG    [SERVER] Step completed - Final tick: 156, Total events: 3
DEBUG    [SERVER] Algorithm step: tick 156, events: 3
DEBUG    [SERVER] Stored 3 events for tick 156
[2025-10-23 20:48:40 +0800] [17183] [INFO] 127.0.0.1:51144 POST /api/step 1.1 200 563 724
[2025-10-23 20:48:40 +0800] [17183] [INFO] 127.0.0.1:51145 GET /api/state 1.1 200 10716 812
DEBUG    [SERVER] 电梯 E0 被设定为前往 F1
DEBUG    [SERVER] 电梯0 状态:start_down->start_down
[2025-10-23 20:48:40 +0800] [17183] [INFO] 127.0.0.1:51146 POST /api/elevators/0/go_to_floor 1.1 200 17 679
DEBUG    [SERVER] Algorithm client processed tick 157
DEBUG    [SERVER] 电梯0 状态:start_down->start_down 方向:down 位置:1.1 目标:1
DEBUG    [SERVER] 电梯1 状态:start_up->constant_speed 方向:up 位置:2.1 目标:5
DEBUG    [SERVER] Event emitted: stopped_at_floor with data {'elevator': 0, 'floor': 1, 'reason': 'move_reached'}
DEBUG    [SERVER] Event emitted: elevator_move with data {'elevator': 1, 'from_position': 2.1, 'to_position': 2.3, 'direction': 'up', 'status': 'constant_speed'}
DEBUG    [SERVER] Event emitted: passenger_alight with data {'elevator': 0, 'floor': 1, 'passenger': 44}
DEBUG    [SERVER] Step completed - Final tick: 157, Total events: 3
DEBUG    [SERVER] Algorithm step: tick 157, events: 3
DEBUG    [SERVER] Stored 3 events for tick 157
[2025-10-23 20:48:40 +0800] [17183] [INFO] 127.0.0.1:51147 POST /api/step 1.1 200 511 814
[2025-10-23 20:48:40 +0800] [17183] [INFO] 127.0.0.1:51148 GET /api/state 1.1 200 10690 751
DEBUG    [SERVER] 电梯 E0 下一目的地设定为 F0
[2025-10-23 20:48:40 +0800] [17183] [INFO] 127.0.0.1:51149 POST /api/elevators/0/go_to_floor 1.1 200 17 667
DEBUG    [SERVER] Algorithm client processed tick 158
DEBUG    [SERVER] 电梯 E0 被设定为前往 F0
DEBUG    [SERVER] 电梯0 状态:stopped->stopped
DEBUG    [SERVER] Event emitted: passenger_board with data {'elevator': 0, 'floor': 1, 'passenger': 27}
DEBUG    [SERVER] 电梯0 状态:stopped->start_up 方向:down 位置:1.0 目标:1
DEBUG    [SERVER] 电梯1 状态:constant_speed->constant_speed 方向:up 位置:2.3 目标:5
DEBUG    [SERVER] 乘客   66： 创建 | PassengerInfo(id=66, origin=3, destination=2, arrive_tick=158, pickup_tick=0, dropoff_tick=0, arrived=False, elevator_id=None)
DEBUG    [SERVER] Event emitted: down_button_pressed with data {'floor': 3, 'passenger': 66}
DEBUG    [SERVER] Event emitted: elevator_move with data {'elevator': 0, 'from_position': 1.0, 'to_position': 0.9, 'direction': 'down', 'status': 'start_up'}
DEBUG    [SERVER] Event emitted: elevator_move with data {'elevator': 1, 'from_position': 2.3, 'to_position': 2.5, 'direction': 'up', 'status': 'constant_speed'}
DEBUG    [SERVER] Step completed - Final tick: 158, Total events: 4
DEBUG    [SERVER] Algorithm step: tick 158, events: 4
DEBUG    [SERVER] Stored 4 events for tick 158
[2025-10-23 20:48:40 +0800] [17183] [INFO] 127.0.0.1:51150 POST /api/step 1.1 200 682 768
[2025-10-23 20:48:40 +0800] [17183] [INFO] 127.0.0.1:51151 GET /api/state 1.1 200 10838 838
DEBUG    [SERVER] Algorithm client processed tick 159
DEBUG    [SERVER] 电梯0 状态:start_up->constant_speed 方向:down 位置:0.9 目标:0
DEBUG    [SERVER] 电梯1 状态:constant_speed->constant_speed 方向:up 位置:2.5 目标:5
DEBUG    [SERVER] Event emitted: elevator_move with data {'elevator': 0, 'from_position': 0.9, 'to_position': 0.7, 'direction': 'down', 'status': 'constant_speed'}
DEBUG    [SERVER] Event emitted: elevator_move with data {'elevator': 1, 'from_position': 2.5, 'to_position': 2.7, 'direction': 'up', 'status': 'constant_speed'}
DEBUG    [SERVER] Step completed - Final tick: 159, Total events: 2
DEBUG    [SERVER] Algorithm step: tick 159, events: 2
DEBUG    [SERVER] Stored 2 events for tick 159
[2025-10-23 20:48:40 +0800] [17183] [INFO] 127.0.0.1:51152 POST /api/step 1.1 200 421 832
[2025-10-23 20:48:40 +0800] [17183] [INFO] 127.0.0.1:51153 GET /api/state 1.1 200 10844 771
DEBUG    [SERVER] Algorithm client processed tick 160
DEBUG    [SERVER] 电梯0 状态:constant_speed->constant_speed 方向:down 位置:0.7 目标:0
DEBUG    [SERVER] 电梯1 状态:constant_speed->constant_speed 方向:up 位置:2.7 目标:5
DEBUG    [SERVER] Event emitted: elevator_move with data {'elevator': 0, 'from_position': 0.7, 'to_position': 0.5, 'direction': 'down', 'status': 'constant_speed'}
DEBUG    [SERVER] Event emitted: elevator_move with data {'elevator': 1, 'from_position': 2.7, 'to_position': 2.9, 'direction': 'up', 'status': 'constant_speed'}
DEBUG    [SERVER] Event emitted: elevator_approaching with data {'elevator': 1, 'floor': 3, 'direction': 'up'}
DEBUG    [SERVER] Step completed - Final tick: 160, Total events: 3
DEBUG    [SERVER] Algorithm step: tick 160, events: 3
DEBUG    [SERVER] Stored 3 events for tick 160
[2025-10-23 20:48:40 +0800] [17183] [INFO] 127.0.0.1:51154 POST /api/step 1.1 200 567 817
[2025-10-23 20:48:40 +0800] [17183] [INFO] 127.0.0.1:51155 GET /api/state 1.1 200 10844 770
DEBUG    [SERVER] Algorithm client processed tick 161
DEBUG    [SERVER] 电梯0 状态:constant_speed->constant_speed 方向:down 位置:0.5 目标:0
DEBUG    [SERVER] 电梯1 状态:constant_speed->constant_speed 方向:up 位置:2.9 目标:5
DEBUG    [SERVER] Event emitted: elevator_move with data {'elevator': 0, 'from_position': 0.5, 'to_position': 0.3, 'direction': 'down', 'status': 'constant_speed'}
DEBUG    [SERVER] Event emitted: elevator_move with data {'elevator': 1, 'from_position': 2.9, 'to_position': 3.1, 'direction': 'up', 'status': 'constant_speed'}
DEBUG    [SERVER] Event emitted: passing_floor with data {'elevator': 1, 'floor': 3, 'direction': 'up'}
DEBUG    [SERVER] Step completed - Final tick: 161, Total events: 3
DEBUG    [SERVER] Algorithm step: tick 161, events: 3
DEBUG    [SERVER] Stored 3 events for tick 161
[2025-10-23 20:48:40 +0800] [17183] [INFO] 127.0.0.1:51156 POST /api/step 1.1 200 560 753
[2025-10-23 20:48:40 +0800] [17183] [INFO] 127.0.0.1:51157 GET /api/state 1.1 200 10844 807
DEBUG    [SERVER] Algorithm client processed tick 162
DEBUG    [SERVER] 电梯0 状态:constant_speed->constant_speed 方向:down 位置:0.3 目标:0
DEBUG    [SERVER] 电梯1 状态:constant_speed->constant_speed 方向:up 位置:3.1 目标:5
DEBUG    [SERVER] Event emitted: elevator_move with data {'elevator': 0, 'from_position': 0.3, 'to_position': 0.1, 'direction': 'down', 'status': 'constant_speed'}
DEBUG    [SERVER] Event emitted: elevator_approaching with data {'elevator': 0, 'floor': 0, 'direction': 'down'}
DEBUG    [SERVER] Event emitted: elevator_move with data {'elevator': 1, 'from_position': 3.1, 'to_position': 3.3, 'direction': 'up', 'status': 'constant_speed'}
DEBUG    [SERVER] Step completed - Final tick: 162, Total events: 3
DEBUG    [SERVER] Algorithm step: tick 162, events: 3
DEBUG    [SERVER] Stored 3 events for tick 162
[2025-10-23 20:48:40 +0800] [17183] [INFO] 127.0.0.1:51158 POST /api/step 1.1 200 569 797
[2025-10-23 20:48:40 +0800] [17183] [INFO] 127.0.0.1:51159 GET /api/state 1.1 200 10840 774
DEBUG    [SERVER] 电梯 E0 被设定为前往 F0
DEBUG    [SERVER] 电梯0 状态:start_down->start_down
[2025-10-23 20:48:40 +0800] [17183] [INFO] 127.0.0.1:51160 POST /api/elevators/0/go_to_floor 1.1 200 17 684
DEBUG    [SERVER] Algorithm client processed tick 163
DEBUG    [SERVER] 电梯0 状态:start_down->start_down 方向:down 位置:0.1 目标:0
DEBUG    [SERVER] 电梯1 状态:constant_speed->constant_speed 方向:up 位置:3.3 目标:5
DEBUG    [SERVER] Event emitted: stopped_at_floor with data {'elevator': 0, 'floor': 0, 'reason': 'move_reached'}
DEBUG    [SERVER] Event emitted: elevator_move with data {'elevator': 1, 'from_position': 3.3, 'to_position': 3.5, 'direction': 'up', 'status': 'constant_speed'}
DEBUG    [SERVER] Event emitted: passenger_alight with data {'elevator': 0, 'floor': 0, 'passenger': 51}
DEBUG    [SERVER] Event emitted: passenger_alight with data {'elevator': 0, 'floor': 0, 'passenger': 52}
DEBUG    [SERVER] Event emitted: passenger_alight with data {'elevator': 0, 'floor': 0, 'passenger': 55}
DEBUG    [SERVER] Event emitted: passenger_alight with data {'elevator': 0, 'floor': 0, 'passenger': 56}
DEBUG    [SERVER] Event emitted: passenger_alight with data {'elevator': 0, 'floor': 0, 'passenger': 60}
DEBUG    [SERVER] Event emitted: passenger_alight with data {'elevator': 0, 'floor': 0, 'passenger': 54}
DEBUG    [SERVER] Event emitted: passenger_alight with data {'elevator': 0, 'floor': 0, 'passenger': 59}
DEBUG    [SERVER] Event emitted: passenger_alight with data {'elevator': 0, 'floor': 0, 'passenger': 27}
DEBUG    [SERVER] Step completed - Final tick: 163, Total events: 10
DEBUG    [SERVER] Algorithm step: tick 163, events: 10
DEBUG    [SERVER] Stored 10 events for tick 163
[2025-10-23 20:48:40 +0800] [17183] [INFO] 127.0.0.1:51161 POST /api/step 1.1 200 1491 748
[2025-10-23 20:48:40 +0800] [17183] [INFO] 127.0.0.1:51162 GET /api/state 1.1 200 10838 934
DEBUG    [SERVER] 电梯 E0 下一目的地设定为 F1
[2025-10-23 20:48:40 +0800] [17183] [INFO] 127.0.0.1:51163 POST /api/elevators/0/go_to_floor 1.1 200 17 777
DEBUG    [SERVER] Algorithm client processed tick 164
DEBUG    [SERVER] 电梯 E0 被设定为前往 F1
DEBUG    [SERVER] 电梯0 状态:stopped->stopped
DEBUG    [SERVER] 电梯0 状态:stopped->start_up 方向:up 位置:0.0 目标:0
DEBUG    [SERVER] 电梯1 状态:constant_speed->constant_speed 方向:up 位置:3.5 目标:5
DEBUG    [SERVER] Event emitted: elevator_move with data {'elevator': 0, 'from_position': 0.0, 'to_position': 0.1, 'direction': 'up', 'status': 'start_up'}
DEBUG    [SERVER] Event emitted: elevator_move with data {'elevator': 1, 'from_position': 3.5, 'to_position': 3.7, 'direction': 'up', 'status': 'constant_speed'}
DEBUG    [SERVER] Step completed - Final tick: 164, Total events: 2
DEBUG    [SERVER] Algorithm step: tick 164, events: 2
DEBUG    [SERVER] Stored 2 events for tick 164
[2025-10-23 20:48:40 +0800] [17183] [INFO] 127.0.0.1:51164 POST /api/step 1.1 200 413 718
[2025-10-23 20:48:40 +0800] [17183] [INFO] 127.0.0.1:51165 GET /api/state 1.1 200 10837 811
DEBUG    [SERVER] Algorithm client processed tick 165
DEBUG    [SERVER] 电梯0 状态:start_up->constant_speed 方向:up 位置:0.1 目标:1
DEBUG    [SERVER] 电梯1 状态:constant_speed->constant_speed 方向:up 位置:3.7 目标:5
DEBUG    [SERVER] 乘客   67： 创建 | PassengerInfo(id=67, origin=5, destination=0, arrive_tick=165, pickup_tick=0, dropoff_tick=0, arrived=False, elevator_id=None)
DEBUG    [SERVER] Event emitted: down_button_pressed with data {'floor': 5, 'passenger': 67}
DEBUG    [SERVER] Event emitted: elevator_move with data {'elevator': 0, 'from_position': 0.1, 'to_position': 0.3, 'direction': 'up', 'status': 'constant_speed'}
DEBUG    [SERVER] Event emitted: elevator_move with data {'elevator': 1, 'from_position': 3.7, 'to_position': 3.9, 'direction': 'up', 'status': 'constant_speed'}
DEBUG    [SERVER] Event emitted: elevator_approaching with data {'elevator': 1, 'floor': 4, 'direction': 'up'}
DEBUG    [SERVER] Step completed - Final tick: 165, Total events: 4
DEBUG    [SERVER] Algorithm step: tick 165, events: 4
DEBUG    [SERVER] Stored 4 events for tick 165
[2025-10-23 20:48:40 +0800] [17183] [INFO] 127.0.0.1:51166 POST /api/step 1.1 200 693 770
[2025-10-23 20:48:40 +0800] [17183] [INFO] 127.0.0.1:51167 GET /api/state 1.1 200 10992 736
DEBUG    [SERVER] Algorithm client processed tick 166
DEBUG    [SERVER] 电梯0 状态:constant_speed->constant_speed 方向:up 位置:0.3 目标:1
DEBUG    [SERVER] 电梯1 状态:constant_speed->constant_speed 方向:up 位置:3.9 目标:5
DEBUG    [SERVER] 乘客   68： 创建 | PassengerInfo(id=68, origin=3, destination=0, arrive_tick=166, pickup_tick=0, dropoff_tick=0, arrived=False, elevator_id=None)
DEBUG    [SERVER] Event emitted: down_button_pressed with data {'floor': 3, 'passenger': 68}
DEBUG    [SERVER] Event emitted: elevator_move with data {'elevator': 0, 'from_position': 0.3, 'to_position': 0.5, 'direction': 'up', 'status': 'constant_speed'}
DEBUG    [SERVER] Event emitted: elevator_move with data {'elevator': 1, 'from_position': 3.9, 'to_position': 4.1, 'direction': 'up', 'status': 'constant_speed'}
DEBUG    [SERVER] Event emitted: passing_floor with data {'elevator': 1, 'floor': 4, 'direction': 'up'}
DEBUG    [SERVER] Step completed - Final tick: 166, Total events: 4
DEBUG    [SERVER] Algorithm step: tick 166, events: 4
DEBUG    [SERVER] Stored 4 events for tick 166
[2025-10-23 20:48:40 +0800] [17183] [INFO] 127.0.0.1:51168 POST /api/step 1.1 200 686 759
[2025-10-23 20:48:40 +0800] [17183] [INFO] 127.0.0.1:51169 GET /api/state 1.1 200 11141 761
DEBUG    [SERVER] Algorithm client processed tick 167
DEBUG    [SERVER] 电梯0 状态:constant_speed->constant_speed 方向:up 位置:0.5 目标:1
DEBUG    [SERVER] 电梯1 状态:constant_speed->constant_speed 方向:up 位置:4.1 目标:5
DEBUG    [SERVER] Event emitted: elevator_move with data {'elevator': 0, 'from_position': 0.5, 'to_position': 0.7, 'direction': 'up', 'status': 'constant_speed'}
DEBUG    [SERVER] Event emitted: elevator_move with data {'elevator': 1, 'from_position': 4.1, 'to_position': 4.3, 'direction': 'up', 'status': 'constant_speed'}
DEBUG    [SERVER] Step completed - Final tick: 167, Total events: 2
DEBUG    [SERVER] Algorithm step: tick 167, events: 2
DEBUG    [SERVER] Stored 2 events for tick 167
[2025-10-23 20:48:40 +0800] [17183] [INFO] 127.0.0.1:51170 POST /api/step 1.1 200 419 748
[2025-10-23 20:48:40 +0800] [17183] [INFO] 127.0.0.1:51171 GET /api/state 1.1 200 11141 734
DEBUG    [SERVER] Algorithm client processed tick 168
DEBUG    [SERVER] 电梯0 状态:constant_speed->constant_speed 方向:up 位置:0.7 目标:1
DEBUG    [SERVER] 电梯1 状态:constant_speed->constant_speed 方向:up 位置:4.3 目标:5
DEBUG    [SERVER] 乘客   69： 创建 | PassengerInfo(id=69, origin=2, destination=0, arrive_tick=168, pickup_tick=0, dropoff_tick=0, arrived=False, elevator_id=None)
DEBUG    [SERVER] Event emitted: down_button_pressed with data {'floor': 2, 'passenger': 69}
DEBUG    [SERVER] Event emitted: elevator_move with data {'elevator': 0, 'from_position': 0.7, 'to_position': 0.9, 'direction': 'up', 'status': 'constant_speed'}
DEBUG    [SERVER] Event emitted: elevator_approaching with data {'elevator': 0, 'floor': 1, 'direction': 'up'}
DEBUG    [SERVER] Event emitted: elevator_move with data {'elevator': 1, 'from_position': 4.3, 'to_position': 4.5, 'direction': 'up', 'status': 'constant_speed'}
DEBUG    [SERVER] Step completed - Final tick: 168, Total events: 4
DEBUG    [SERVER] Algorithm step: tick 168, events: 4
DEBUG    [SERVER] Stored 4 events for tick 168
[2025-10-23 20:48:40 +0800] [17183] [INFO] 127.0.0.1:51172 POST /api/step 1.1 200 693 808
[2025-10-23 20:48:40 +0800] [17183] [INFO] 127.0.0.1:51173 GET /api/state 1.1 200 11286 793
DEBUG    [SERVER] 电梯 E0 被设定为前往 F1
DEBUG    [SERVER] 电梯0 状态:start_down->start_down
[2025-10-23 20:48:40 +0800] [17183] [INFO] 127.0.0.1:51174 POST /api/elevators/0/go_to_floor 1.1 200 17 782
DEBUG    [SERVER] Algorithm client processed tick 169
DEBUG    [SERVER] 电梯0 状态:start_down->start_down 方向:up 位置:0.9 目标:1
DEBUG    [SERVER] 电梯1 状态:constant_speed->constant_speed 方向:up 位置:4.5 目标:5
DEBUG    [SERVER] Event emitted: stopped_at_floor with data {'elevator': 0, 'floor': 1, 'reason': 'move_reached'}
DEBUG    [SERVER] Event emitted: elevator_move with data {'elevator': 1, 'from_position': 4.5, 'to_position': 4.7, 'direction': 'up', 'status': 'constant_speed'}
DEBUG    [SERVER] Step completed - Final tick: 169, Total events: 2
DEBUG    [SERVER] Algorithm step: tick 169, events: 2
DEBUG    [SERVER] Stored 2 events for tick 169
[2025-10-23 20:48:40 +0800] [17183] [INFO] 127.0.0.1:51175 POST /api/step 1.1 200 371 730
[2025-10-23 20:48:40 +0800] [17183] [INFO] 127.0.0.1:51176 GET /api/state 1.1 200 11283 786
DEBUG    [SERVER] 电梯 E0 下一目的地设定为 F2
[2025-10-23 20:48:40 +0800] [17183] [INFO] 127.0.0.1:51177 POST /api/elevators/0/go_to_floor 1.1 200 17 643
DEBUG    [SERVER] Algorithm client processed tick 170
DEBUG    [SERVER] 电梯 E0 被设定为前往 F2
DEBUG    [SERVER] 电梯0 状态:stopped->stopped
DEBUG    [SERVER] 电梯0 状态:stopped->start_up 方向:up 位置:1.0 目标:1
DEBUG    [SERVER] 电梯1 状态:constant_speed->constant_speed 方向:up 位置:4.7 目标:5
DEBUG    [SERVER] Event emitted: elevator_move with data {'elevator': 0, 'from_position': 1.0, 'to_position': 1.1, 'direction': 'up', 'status': 'start_up'}
DEBUG    [SERVER] Event emitted: elevator_move with data {'elevator': 1, 'from_position': 4.7, 'to_position': 4.9, 'direction': 'up', 'status': 'constant_speed'}
DEBUG    [SERVER] Event emitted: elevator_approaching with data {'elevator': 1, 'floor': 5, 'direction': 'up'}
DEBUG    [SERVER] Step completed - Final tick: 170, Total events: 3
DEBUG    [SERVER] Algorithm step: tick 170, events: 3
DEBUG    [SERVER] Stored 3 events for tick 170
[2025-10-23 20:48:40 +0800] [17183] [INFO] 127.0.0.1:51178 POST /api/step 1.1 200 559 734
[2025-10-23 20:48:40 +0800] [17183] [INFO] 127.0.0.1:51179 GET /api/state 1.1 200 11280 804
DEBUG    [SERVER] Algorithm client processed tick 171
DEBUG    [SERVER] 电梯0 状态:start_up->constant_speed 方向:up 位置:1.1 目标:2
DEBUG    [SERVER] 电梯1 状态:start_down->start_down 方向:up 位置:4.9 目标:5
DEBUG    [SERVER] 乘客   70： 创建 | PassengerInfo(id=70, origin=5, destination=0, arrive_tick=171, pickup_tick=0, dropoff_tick=0, arrived=False, elevator_id=None)
DEBUG    [SERVER] Event emitted: down_button_pressed with data {'floor': 5, 'passenger': 70}
DEBUG    [SERVER] Event emitted: elevator_move with data {'elevator': 0, 'from_position': 1.1, 'to_position': 1.3, 'direction': 'up', 'status': 'constant_speed'}
DEBUG    [SERVER] Event emitted: stopped_at_floor with data {'elevator': 1, 'floor': 5, 'reason': 'move_reached'}
DEBUG    [SERVER] Step completed - Final tick: 171, Total events: 3
DEBUG    [SERVER] Algorithm step: tick 171, events: 3
DEBUG    [SERVER] Stored 3 events for tick 171
[2025-10-23 20:48:40 +0800] [17183] [INFO] 127.0.0.1:51180 POST /api/step 1.1 200 499 716
[2025-10-23 20:48:40 +0800] [17183] [INFO] 127.0.0.1:51181 GET /api/state 1.1 200 11432 740
DEBUG    [SERVER] 电梯 E1 下一目的地设定为 F3
[2025-10-23 20:48:40 +0800] [17183] [INFO] 127.0.0.1:51182 POST /api/elevators/1/go_to_floor 1.1 200 17 662
DEBUG    [SERVER] Algorithm client processed tick 172
DEBUG    [SERVER] 电梯0 状态:constant_speed->constant_speed 方向:up 位置:1.3 目标:2
DEBUG    [SERVER] 电梯 E1 被设定为前往 F3
DEBUG    [SERVER] 电梯1 状态:stopped->stopped
DEBUG    [SERVER] Event emitted: passenger_board with data {'elevator': 1, 'floor': 5, 'passenger': 61}
DEBUG    [SERVER] Event emitted: passenger_board with data {'elevator': 1, 'floor': 5, 'passenger': 62}
DEBUG    [SERVER] Event emitted: passenger_board with data {'elevator': 1, 'floor': 5, 'passenger': 65}
DEBUG    [SERVER] Event emitted: passenger_board with data {'elevator': 1, 'floor': 5, 'passenger': 67}
DEBUG    [SERVER] Event emitted: passenger_board with data {'elevator': 1, 'floor': 5, 'passenger': 70}
DEBUG    [SERVER] 电梯1 状态:stopped->start_up 方向:down 位置:5.0 目标:5
DEBUG    [SERVER] 乘客   71： 创建 | PassengerInfo(id=71, origin=3, destination=0, arrive_tick=172, pickup_tick=0, dropoff_tick=0, arrived=False, elevator_id=None)
DEBUG    [SERVER] Event emitted: down_button_pressed with data {'floor': 3, 'passenger': 71}
DEBUG    [SERVER] Event emitted: elevator_move with data {'elevator': 0, 'from_position': 1.3, 'to_position': 1.5, 'direction': 'up', 'status': 'constant_speed'}
DEBUG    [SERVER] Event emitted: elevator_move with data {'elevator': 1, 'from_position': 5.0, 'to_position': 4.9, 'direction': 'down', 'status': 'start_up'}
DEBUG    [SERVER] Step completed - Final tick: 172, Total events: 8
DEBUG    [SERVER] Algorithm step: tick 172, events: 8
DEBUG    [SERVER] Stored 8 events for tick 172
[2025-10-23 20:48:40 +0800] [17183] [INFO] 127.0.0.1:51183 POST /api/step 1.1 200 1238 1286
[2025-10-23 20:48:40 +0800] [17183] [INFO] 127.0.0.1:51184 GET /api/state 1.1 200 11580 787
DEBUG    [SERVER] Algorithm client processed tick 173
DEBUG    [SERVER] 电梯0 状态:constant_speed->constant_speed 方向:up 位置:1.5 目标:2
DEBUG    [SERVER] 电梯1 状态:start_up->constant_speed 方向:down 位置:4.9 目标:3
DEBUG    [SERVER] Event emitted: elevator_move with data {'elevator': 0, 'from_position': 1.5, 'to_position': 1.7, 'direction': 'up', 'status': 'constant_speed'}
DEBUG    [SERVER] Event emitted: elevator_move with data {'elevator': 1, 'from_position': 4.9, 'to_position': 4.7, 'direction': 'down', 'status': 'constant_speed'}
DEBUG    [SERVER] Step completed - Final tick: 173, Total events: 2
DEBUG    [SERVER] Algorithm step: tick 173, events: 2
DEBUG    [SERVER] Stored 2 events for tick 173
[2025-10-23 20:48:40 +0800] [17183] [INFO] 127.0.0.1:51185 POST /api/step 1.1 200 421 722
[2025-10-23 20:48:40 +0800] [17183] [INFO] 127.0.0.1:51186 GET /api/state 1.1 200 11586 763
DEBUG    [SERVER] Algorithm client processed tick 174
DEBUG    [SERVER] 电梯0 状态:constant_speed->constant_speed 方向:up 位置:1.7 目标:2
DEBUG    [SERVER] 电梯1 状态:constant_speed->constant_speed 方向:down 位置:4.7 目标:3
DEBUG    [SERVER] Event emitted: elevator_move with data {'elevator': 0, 'from_position': 1.7, 'to_position': 1.9, 'direction': 'up', 'status': 'constant_speed'}
DEBUG    [SERVER] Event emitted: elevator_approaching with data {'elevator': 0, 'floor': 2, 'direction': 'up'}
DEBUG    [SERVER] Event emitted: elevator_move with data {'elevator': 1, 'from_position': 4.7, 'to_position': 4.5, 'direction': 'down', 'status': 'constant_speed'}
DEBUG    [SERVER] Step completed - Final tick: 174, Total events: 3
DEBUG    [SERVER] Algorithm step: tick 174, events: 3
DEBUG    [SERVER] Stored 3 events for tick 174
[2025-10-23 20:48:40 +0800] [17183] [INFO] 127.0.0.1:51187 POST /api/step 1.1 200 567 719
[2025-10-23 20:48:40 +0800] [17183] [INFO] 127.0.0.1:51188 GET /api/state 1.1 200 11582 742
DEBUG    [SERVER] 电梯 E0 被设定为前往 F2
DEBUG    [SERVER] 电梯0 状态:start_down->start_down
[2025-10-23 20:48:40 +0800] [17183] [INFO] 127.0.0.1:51189 POST /api/elevators/0/go_to_floor 1.1 200 17 660
DEBUG    [SERVER] Algorithm client processed tick 175
DEBUG    [SERVER] 电梯0 状态:start_down->start_down 方向:up 位置:1.9 目标:2
DEBUG    [SERVER] 电梯1 状态:constant_speed->constant_speed 方向:down 位置:4.5 目标:3
DEBUG    [SERVER] Event emitted: stopped_at_floor with data {'elevator': 0, 'floor': 2, 'reason': 'move_reached'}
DEBUG    [SERVER] Event emitted: elevator_move with data {'elevator': 1, 'from_position': 4.5, 'to_position': 4.3, 'direction': 'down', 'status': 'constant_speed'}
DEBUG    [SERVER] Step completed - Final tick: 175, Total events: 2
DEBUG    [SERVER] Algorithm step: tick 175, events: 2
DEBUG    [SERVER] Stored 2 events for tick 175
[2025-10-23 20:48:40 +0800] [17183] [INFO] 127.0.0.1:51190 POST /api/step 1.1 200 373 820
[2025-10-23 20:48:40 +0800] [17183] [INFO] 127.0.0.1:51191 GET /api/state 1.1 200 11579 745
DEBUG    [SERVER] 电梯 E0 下一目的地设定为 F3
[2025-10-23 20:48:40 +0800] [17183] [INFO] 127.0.0.1:51192 POST /api/elevators/0/go_to_floor 1.1 200 17 674
DEBUG    [SERVER] Algorithm client processed tick 176
DEBUG    [SERVER] 电梯 E0 被设定为前往 F3
DEBUG    [SERVER] 电梯0 状态:stopped->stopped
DEBUG    [SERVER] 电梯0 状态:stopped->start_up 方向:up 位置:2.0 目标:2
DEBUG    [SERVER] 电梯1 状态:constant_speed->constant_speed 方向:down 位置:4.3 目标:3
DEBUG    [SERVER] Event emitted: elevator_move with data {'elevator': 0, 'from_position': 2.0, 'to_position': 2.1, 'direction': 'up', 'status': 'start_up'}
DEBUG    [SERVER] Event emitted: elevator_move with data {'elevator': 1, 'from_position': 4.3, 'to_position': 4.1, 'direction': 'down', 'status': 'constant_speed'}
DEBUG    [SERVER] Event emitted: elevator_approaching with data {'elevator': 1, 'floor': 4, 'direction': 'down'}
DEBUG    [SERVER] Step completed - Final tick: 176, Total events: 3
DEBUG    [SERVER] Algorithm step: tick 176, events: 3
DEBUG    [SERVER] Stored 3 events for tick 176
[2025-10-23 20:48:40 +0800] [17183] [INFO] 127.0.0.1:51193 POST /api/step 1.1 200 563 771
[2025-10-23 20:48:40 +0800] [17183] [INFO] 127.0.0.1:51194 GET /api/state 1.1 200 11580 841
DEBUG    [SERVER] Algorithm client processed tick 177
DEBUG    [SERVER] 电梯0 状态:start_up->constant_speed 方向:up 位置:2.1 目标:3
DEBUG    [SERVER] 电梯1 状态:constant_speed->constant_speed 方向:down 位置:4.1 目标:3
DEBUG    [SERVER] Event emitted: elevator_move with data {'elevator': 0, 'from_position': 2.1, 'to_position': 2.3, 'direction': 'up', 'status': 'constant_speed'}
DEBUG    [SERVER] Event emitted: elevator_move with data {'elevator': 1, 'from_position': 4.1, 'to_position': 3.9, 'direction': 'down', 'status': 'constant_speed'}
DEBUG    [SERVER] Event emitted: passing_floor with data {'elevator': 1, 'floor': 4, 'direction': 'down'}
DEBUG    [SERVER] Step completed - Final tick: 177, Total events: 3
DEBUG    [SERVER] Algorithm step: tick 177, events: 3
DEBUG    [SERVER] Stored 3 events for tick 177
[2025-10-23 20:48:40 +0800] [17183] [INFO] 127.0.0.1:51195 POST /api/step 1.1 200 562 705
[2025-10-23 20:48:40 +0800] [17183] [INFO] 127.0.0.1:51196 GET /api/state 1.1 200 11586 740
DEBUG    [SERVER] Algorithm client processed tick 178
DEBUG    [SERVER] 电梯0 状态:constant_speed->constant_speed 方向:up 位置:2.3 目标:3
DEBUG    [SERVER] 电梯1 状态:constant_speed->constant_speed 方向:down 位置:3.9 目标:3
DEBUG    [SERVER] Event emitted: elevator_move with data {'elevator': 0, 'from_position': 2.3, 'to_position': 2.5, 'direction': 'up', 'status': 'constant_speed'}
DEBUG    [SERVER] Event emitted: elevator_move with data {'elevator': 1, 'from_position': 3.9, 'to_position': 3.7, 'direction': 'down', 'status': 'constant_speed'}
DEBUG    [SERVER] Step completed - Final tick: 178, Total events: 2
DEBUG    [SERVER] Algorithm step: tick 178, events: 2
DEBUG    [SERVER] Stored 2 events for tick 178
[2025-10-23 20:48:40 +0800] [17183] [INFO] 127.0.0.1:51197 POST /api/step 1.1 200 421 764
[2025-10-23 20:48:40 +0800] [17183] [INFO] 127.0.0.1:51198 GET /api/state 1.1 200 11586 769
DEBUG    [SERVER] Algorithm client processed tick 179
DEBUG    [SERVER] 电梯0 状态:constant_speed->constant_speed 方向:up 位置:2.5 目标:3
DEBUG    [SERVER] 电梯1 状态:constant_speed->constant_speed 方向:down 位置:3.7 目标:3
DEBUG    [SERVER] 乘客   72： 创建 | PassengerInfo(id=72, origin=4, destination=0, arrive_tick=179, pickup_tick=0, dropoff_tick=0, arrived=False, elevator_id=None)
DEBUG    [SERVER] Event emitted: down_button_pressed with data {'floor': 4, 'passenger': 72}
DEBUG    [SERVER] Event emitted: elevator_move with data {'elevator': 0, 'from_position': 2.5, 'to_position': 2.7, 'direction': 'up', 'status': 'constant_speed'}
DEBUG    [SERVER] Event emitted: elevator_move with data {'elevator': 1, 'from_position': 3.7, 'to_position': 3.5, 'direction': 'down', 'status': 'constant_speed'}
DEBUG    [SERVER] Step completed - Final tick: 179, Total events: 3
DEBUG    [SERVER] Algorithm step: tick 179, events: 3
DEBUG    [SERVER] Stored 3 events for tick 179
[2025-10-23 20:48:40 +0800] [17183] [INFO] 127.0.0.1:51199 POST /api/step 1.1 200 549 733
[2025-10-23 20:48:40 +0800] [17183] [INFO] 127.0.0.1:51200 GET /api/state 1.1 200 11733 747
DEBUG    [SERVER] Algorithm client processed tick 180
DEBUG    [SERVER] 电梯0 状态:constant_speed->constant_speed 方向:up 位置:2.7 目标:3
DEBUG    [SERVER] 电梯1 状态:constant_speed->constant_speed 方向:down 位置:3.5 目标:3
DEBUG    [SERVER] Event emitted: elevator_move with data {'elevator': 0, 'from_position': 2.7, 'to_position': 2.9, 'direction': 'up', 'status': 'constant_speed'}
DEBUG    [SERVER] Event emitted: elevator_approaching with data {'elevator': 0, 'floor': 3, 'direction': 'up'}
DEBUG    [SERVER] Event emitted: elevator_move with data {'elevator': 1, 'from_position': 3.5, 'to_position': 3.3, 'direction': 'down', 'status': 'constant_speed'}
DEBUG    [SERVER] Step completed - Final tick: 180, Total events: 3
DEBUG    [SERVER] Algorithm step: tick 180, events: 3
DEBUG    [SERVER] Stored 3 events for tick 180
[2025-10-23 20:48:40 +0800] [17183] [INFO] 127.0.0.1:51201 POST /api/step 1.1 200 567 758
[2025-10-23 20:48:40 +0800] [17183] [INFO] 127.0.0.1:51202 GET /api/state 1.1 200 11729 730
DEBUG    [SERVER] Algorithm client processed tick 181
DEBUG    [SERVER] 电梯0 状态:start_down->start_down 方向:up 位置:2.9 目标:3
DEBUG    [SERVER] 电梯1 状态:constant_speed->constant_speed 方向:down 位置:3.3 目标:3
DEBUG    [SERVER] Event emitted: stopped_at_floor with data {'elevator': 0, 'floor': 3, 'reason': 'move_reached'}
DEBUG    [SERVER] Event emitted: elevator_move with data {'elevator': 1, 'from_position': 3.3, 'to_position': 3.1, 'direction': 'down', 'status': 'constant_speed'}
DEBUG    [SERVER] Event emitted: elevator_approaching with data {'elevator': 1, 'floor': 3, 'direction': 'down'}
DEBUG    [SERVER] Step completed - Final tick: 181, Total events: 3
DEBUG    [SERVER] Algorithm step: tick 181, events: 3
DEBUG    [SERVER] Stored 3 events for tick 181
[2025-10-23 20:48:40 +0800] [17183] [INFO] 127.0.0.1:51203 POST /api/step 1.1 200 521 741
[2025-10-23 20:48:40 +0800] [17183] [INFO] 127.0.0.1:51204 GET /api/state 1.1 200 11722 796
DEBUG    [SERVER] 电梯 E0 下一目的地设定为 F4
[2025-10-23 20:48:40 +0800] [17183] [INFO] 127.0.0.1:51205 POST /api/elevators/0/go_to_floor 1.1 200 17 741
DEBUG    [SERVER] 电梯 E1 被设定为前往 F3
DEBUG    [SERVER] 电梯1 状态:start_down->start_down
[2025-10-23 20:48:40 +0800] [17183] [INFO] 127.0.0.1:51206 POST /api/elevators/1/go_to_floor 1.1 200 17 708
DEBUG    [SERVER] Algorithm client processed tick 182
DEBUG    [SERVER] 电梯 E0 被设定为前往 F4
DEBUG    [SERVER] 电梯0 状态:stopped->stopped
DEBUG    [SERVER] 电梯0 状态:stopped->start_up 方向:up 位置:3.0 目标:3
DEBUG    [SERVER] 电梯1 状态:start_down->start_down 方向:down 位置:3.1 目标:3
DEBUG    [SERVER] Event emitted: elevator_move with data {'elevator': 0, 'from_position': 3.0, 'to_position': 3.1, 'direction': 'up', 'status': 'start_up'}
DEBUG    [SERVER] Event emitted: stopped_at_floor with data {'elevator': 1, 'floor': 3, 'reason': 'move_reached'}
DEBUG    [SERVER] Step completed - Final tick: 182, Total events: 2
DEBUG    [SERVER] Algorithm step: tick 182, events: 2
DEBUG    [SERVER] Stored 2 events for tick 182
[2025-10-23 20:48:40 +0800] [17183] [INFO] 127.0.0.1:51207 POST /api/step 1.1 200 365 766
[2025-10-23 20:48:40 +0800] [17183] [INFO] 127.0.0.1:51208 GET /api/state 1.1 200 11719 756
DEBUG    [SERVER] 电梯 E1 下一目的地设定为 F2
[2025-10-23 20:48:40 +0800] [17183] [INFO] 127.0.0.1:51209 POST /api/elevators/1/go_to_floor 1.1 200 17 727
DEBUG    [SERVER] Algorithm client processed tick 183
DEBUG    [SERVER] 电梯0 状态:start_up->constant_speed 方向:up 位置:3.1 目标:4
DEBUG    [SERVER] 电梯 E1 被设定为前往 F2
DEBUG    [SERVER] 电梯1 状态:stopped->stopped
DEBUG    [SERVER] Event emitted: passenger_board with data {'elevator': 1, 'floor': 3, 'passenger': 66}
DEBUG    [SERVER] Event emitted: passenger_board with data {'elevator': 1, 'floor': 3, 'passenger': 68}
DEBUG    [SERVER] Event emitted: passenger_board with data {'elevator': 1, 'floor': 3, 'passenger': 71}
DEBUG    [SERVER] 电梯1 状态:stopped->start_up 方向:down 位置:3.0 目标:3
DEBUG    [SERVER] 乘客   73： 创建 | PassengerInfo(id=73, origin=5, destination=0, arrive_tick=183, pickup_tick=0, dropoff_tick=0, arrived=False, elevator_id=None)
DEBUG    [SERVER] Event emitted: down_button_pressed with data {'floor': 5, 'passenger': 73}
DEBUG    [SERVER] Event emitted: elevator_move with data {'elevator': 0, 'from_position': 3.1, 'to_position': 3.3, 'direction': 'up', 'status': 'constant_speed'}
DEBUG    [SERVER] Event emitted: elevator_move with data {'elevator': 1, 'from_position': 3.0, 'to_position': 2.9, 'direction': 'down', 'status': 'start_up'}
DEBUG    [SERVER] Step completed - Final tick: 183, Total events: 6
DEBUG    [SERVER] Algorithm step: tick 183, events: 6
DEBUG    [SERVER] Stored 6 events for tick 183
[2025-10-23 20:48:40 +0800] [17183] [INFO] 127.0.0.1:51210 POST /api/step 1.1 200 960 771
[2025-10-23 20:48:40 +0800] [17183] [INFO] 127.0.0.1:51211 GET /api/state 1.1 200 11873 748
DEBUG    [SERVER] Algorithm client processed tick 184
DEBUG    [SERVER] 电梯0 状态:constant_speed->constant_speed 方向:up 位置:3.3 目标:4
DEBUG    [SERVER] 电梯1 状态:start_up->constant_speed 方向:down 位置:2.9 目标:2
DEBUG    [SERVER] Event emitted: elevator_move with data {'elevator': 0, 'from_position': 3.3, 'to_position': 3.5, 'direction': 'up', 'status': 'constant_speed'}
DEBUG    [SERVER] Event emitted: elevator_move with data {'elevator': 1, 'from_position': 2.9, 'to_position': 2.7, 'direction': 'down', 'status': 'constant_speed'}
DEBUG    [SERVER] Step completed - Final tick: 184, Total events: 2
DEBUG    [SERVER] Algorithm step: tick 184, events: 2
DEBUG    [SERVER] Stored 2 events for tick 184
[2025-10-23 20:48:40 +0800] [17183] [INFO] 127.0.0.1:51212 POST /api/step 1.1 200 421 715
[2025-10-23 20:48:40 +0800] [17183] [INFO] 127.0.0.1:51213 GET /api/state 1.1 200 11879 833
DEBUG    [SERVER] Algorithm client processed tick 185
DEBUG    [SERVER] 电梯0 状态:constant_speed->constant_speed 方向:up 位置:3.5 目标:4
DEBUG    [SERVER] 电梯1 状态:constant_speed->constant_speed 方向:down 位置:2.7 目标:2
DEBUG    [SERVER] Event emitted: elevator_move with data {'elevator': 0, 'from_position': 3.5, 'to_position': 3.7, 'direction': 'up', 'status': 'constant_speed'}
DEBUG    [SERVER] Event emitted: elevator_move with data {'elevator': 1, 'from_position': 2.7, 'to_position': 2.5, 'direction': 'down', 'status': 'constant_speed'}
DEBUG    [SERVER] Step completed - Final tick: 185, Total events: 2
DEBUG    [SERVER] Algorithm step: tick 185, events: 2
DEBUG    [SERVER] Stored 2 events for tick 185
[2025-10-23 20:48:40 +0800] [17183] [INFO] 127.0.0.1:51214 POST /api/step 1.1 200 421 825
[2025-10-23 20:48:40 +0800] [17183] [INFO] 127.0.0.1:51215 GET /api/state 1.1 200 11879 833
DEBUG    [SERVER] Algorithm client processed tick 186
DEBUG    [SERVER] 电梯0 状态:constant_speed->constant_speed 方向:up 位置:3.7 目标:4
DEBUG    [SERVER] 电梯1 状态:constant_speed->constant_speed 方向:down 位置:2.5 目标:2
DEBUG    [SERVER] Event emitted: elevator_move with data {'elevator': 0, 'from_position': 3.7, 'to_position': 3.9, 'direction': 'up', 'status': 'constant_speed'}
DEBUG    [SERVER] Event emitted: elevator_approaching with data {'elevator': 0, 'floor': 4, 'direction': 'up'}
DEBUG    [SERVER] Event emitted: elevator_move with data {'elevator': 1, 'from_position': 2.5, 'to_position': 2.3, 'direction': 'down', 'status': 'constant_speed'}
DEBUG    [SERVER] Step completed - Final tick: 186, Total events: 3
DEBUG    [SERVER] Algorithm step: tick 186, events: 3
DEBUG    [SERVER] Stored 3 events for tick 186
[2025-10-23 20:48:40 +0800] [17183] [INFO] 127.0.0.1:51216 POST /api/step 1.1 200 567 705
[2025-10-23 20:48:40 +0800] [17183] [INFO] 127.0.0.1:51217 GET /api/state 1.1 200 11875 752
DEBUG    [SERVER] Algorithm client processed tick 187
DEBUG    [SERVER] 电梯0 状态:start_down->start_down 方向:up 位置:3.9 目标:4
DEBUG    [SERVER] 电梯1 状态:constant_speed->constant_speed 方向:down 位置:2.3 目标:2
DEBUG    [SERVER] Event emitted: stopped_at_floor with data {'elevator': 0, 'floor': 4, 'reason': 'move_reached'}
DEBUG    [SERVER] Event emitted: elevator_move with data {'elevator': 1, 'from_position': 2.3, 'to_position': 2.1, 'direction': 'down', 'status': 'constant_speed'}
DEBUG    [SERVER] Event emitted: elevator_approaching with data {'elevator': 1, 'floor': 2, 'direction': 'down'}
DEBUG    [SERVER] Step completed - Final tick: 187, Total events: 3
DEBUG    [SERVER] Algorithm step: tick 187, events: 3
DEBUG    [SERVER] Stored 3 events for tick 187
[2025-10-23 20:48:40 +0800] [17183] [INFO] 127.0.0.1:51218 POST /api/step 1.1 200 521 725
[2025-10-23 20:48:40 +0800] [17183] [INFO] 127.0.0.1:51219 GET /api/state 1.1 200 11868 775
DEBUG    [SERVER] 电梯 E0 下一目的地设定为 F5
[2025-10-23 20:48:40 +0800] [17183] [INFO] 127.0.0.1:51220 POST /api/elevators/0/go_to_floor 1.1 200 17 731
DEBUG    [SERVER] 电梯 E1 被设定为前往 F2
DEBUG    [SERVER] 电梯1 状态:start_down->start_down
[2025-10-23 20:48:40 +0800] [17183] [INFO] 127.0.0.1:51221 POST /api/elevators/1/go_to_floor 1.1 200 17 651
DEBUG    [SERVER] Algorithm client processed tick 188
DEBUG    [SERVER] 电梯 E0 被设定为前往 F5
DEBUG    [SERVER] 电梯0 状态:stopped->stopped
DEBUG    [SERVER] 电梯0 状态:stopped->start_up 方向:up 位置:4.0 目标:4
DEBUG    [SERVER] 电梯1 状态:start_down->start_down 方向:down 位置:2.1 目标:2
DEBUG    [SERVER] Event emitted: elevator_move with data {'elevator': 0, 'from_position': 4.0, 'to_position': 4.1, 'direction': 'up', 'status': 'start_up'}
DEBUG    [SERVER] Event emitted: stopped_at_floor with data {'elevator': 1, 'floor': 2, 'reason': 'move_reached'}
DEBUG    [SERVER] Event emitted: passenger_alight with data {'elevator': 1, 'floor': 2, 'passenger': 66}
DEBUG    [SERVER] Step completed - Final tick: 188, Total events: 3
DEBUG    [SERVER] Algorithm step: tick 188, events: 3
DEBUG    [SERVER] Stored 3 events for tick 188
[2025-10-23 20:48:40 +0800] [17183] [INFO] 127.0.0.1:51222 POST /api/step 1.1 200 505 699
[2025-10-23 20:48:40 +0800] [17183] [INFO] 127.0.0.1:51223 GET /api/state 1.1 200 11850 749
DEBUG    [SERVER] 电梯 E1 下一目的地设定为 F1
[2025-10-23 20:48:40 +0800] [17183] [INFO] 127.0.0.1:51224 POST /api/elevators/1/go_to_floor 1.1 200 17 761
DEBUG    [SERVER] Algorithm client processed tick 189
DEBUG    [SERVER] 电梯0 状态:start_up->constant_speed 方向:up 位置:4.1 目标:5
DEBUG    [SERVER] 电梯 E1 被设定为前往 F1
DEBUG    [SERVER] 电梯1 状态:stopped->stopped
DEBUG    [SERVER] Event emitted: passenger_board with data {'elevator': 1, 'floor': 2, 'passenger': 63}
DEBUG    [SERVER] 电梯1 状态:stopped->start_up 方向:down 位置:2.0 目标:2
DEBUG    [SERVER] Event emitted: elevator_move with data {'elevator': 0, 'from_position': 4.1, 'to_position': 4.3, 'direction': 'up', 'status': 'constant_speed'}
DEBUG    [SERVER] Event emitted: elevator_move with data {'elevator': 1, 'from_position': 2.0, 'to_position': 1.9, 'direction': 'down', 'status': 'start_up'}
DEBUG    [SERVER] Step completed - Final tick: 189, Total events: 3
DEBUG    [SERVER] Algorithm step: tick 189, events: 3
DEBUG    [SERVER] Stored 3 events for tick 189
[2025-10-23 20:48:40 +0800] [17183] [INFO] 127.0.0.1:51225 POST /api/step 1.1 200 554 764
[2025-10-23 20:48:40 +0800] [17183] [INFO] 127.0.0.1:51226 GET /api/state 1.1 200 11857 820
DEBUG    [SERVER] Algorithm client processed tick 190
DEBUG    [SERVER] 电梯0 状态:constant_speed->constant_speed 方向:up 位置:4.3 目标:5
DEBUG    [SERVER] 电梯1 状态:start_up->constant_speed 方向:down 位置:1.9 目标:1
DEBUG    [SERVER] Event emitted: elevator_move with data {'elevator': 0, 'from_position': 4.3, 'to_position': 4.5, 'direction': 'up', 'status': 'constant_speed'}
DEBUG    [SERVER] Event emitted: elevator_move with data {'elevator': 1, 'from_position': 1.9, 'to_position': 1.7, 'direction': 'down', 'status': 'constant_speed'}
DEBUG    [SERVER] Step completed - Final tick: 190, Total events: 2
DEBUG    [SERVER] Algorithm step: tick 190, events: 2
DEBUG    [SERVER] Stored 2 events for tick 190
[2025-10-23 20:48:40 +0800] [17183] [INFO] 127.0.0.1:51227 POST /api/step 1.1 200 421 705
[2025-10-23 20:48:40 +0800] [17183] [INFO] 127.0.0.1:51228 GET /api/state 1.1 200 11863 737
DEBUG    [SERVER] Algorithm client processed tick 191
DEBUG    [SERVER] 电梯0 状态:constant_speed->constant_speed 方向:up 位置:4.5 目标:5
DEBUG    [SERVER] 电梯1 状态:constant_speed->constant_speed 方向:down 位置:1.7 目标:1
DEBUG    [SERVER] Event emitted: elevator_move with data {'elevator': 0, 'from_position': 4.5, 'to_position': 4.7, 'direction': 'up', 'status': 'constant_speed'}
DEBUG    [SERVER] Event emitted: elevator_move with data {'elevator': 1, 'from_position': 1.7, 'to_position': 1.5, 'direction': 'down', 'status': 'constant_speed'}
DEBUG    [SERVER] Step completed - Final tick: 191, Total events: 2
DEBUG    [SERVER] Algorithm step: tick 191, events: 2
DEBUG    [SERVER] Stored 2 events for tick 191
[2025-10-23 20:48:40 +0800] [17183] [INFO] 127.0.0.1:51229 POST /api/step 1.1 200 421 694
[2025-10-23 20:48:40 +0800] [17183] [INFO] 127.0.0.1:51230 GET /api/state 1.1 200 11863 738
DEBUG    [SERVER] Algorithm client processed tick 192
DEBUG    [SERVER] 电梯0 状态:constant_speed->constant_speed 方向:up 位置:4.7 目标:5
DEBUG    [SERVER] 电梯1 状态:constant_speed->constant_speed 方向:down 位置:1.5 目标:1
DEBUG    [SERVER] Event emitted: elevator_move with data {'elevator': 0, 'from_position': 4.7, 'to_position': 4.9, 'direction': 'up', 'status': 'constant_speed'}
DEBUG    [SERVER] Event emitted: elevator_approaching with data {'elevator': 0, 'floor': 5, 'direction': 'up'}
DEBUG    [SERVER] Event emitted: elevator_move with data {'elevator': 1, 'from_position': 1.5, 'to_position': 1.3, 'direction': 'down', 'status': 'constant_speed'}
DEBUG    [SERVER] Step completed - Final tick: 192, Total events: 3
DEBUG    [SERVER] Algorithm step: tick 192, events: 3
DEBUG    [SERVER] Stored 3 events for tick 192
[2025-10-23 20:48:40 +0800] [17183] [INFO] 127.0.0.1:51231 POST /api/step 1.1 200 567 694
[2025-10-23 20:48:40 +0800] [17183] [INFO] 127.0.0.1:51232 GET /api/state 1.1 200 11859 796
DEBUG    [SERVER] Algorithm client processed tick 193
DEBUG    [SERVER] 电梯0 状态:start_down->start_down 方向:up 位置:4.9 目标:5
DEBUG    [SERVER] 电梯1 状态:constant_speed->constant_speed 方向:down 位置:1.3 目标:1
DEBUG    [SERVER] Event emitted: stopped_at_floor with data {'elevator': 0, 'floor': 5, 'reason': 'move_reached'}
DEBUG    [SERVER] Event emitted: elevator_move with data {'elevator': 1, 'from_position': 1.3, 'to_position': 1.1, 'direction': 'down', 'status': 'constant_speed'}
DEBUG    [SERVER] Event emitted: elevator_approaching with data {'elevator': 1, 'floor': 1, 'direction': 'down'}
DEBUG    [SERVER] Step completed - Final tick: 193, Total events: 3
DEBUG    [SERVER] Algorithm step: tick 193, events: 3
DEBUG    [SERVER] Stored 3 events for tick 193
[2025-10-23 20:48:40 +0800] [17183] [INFO] 127.0.0.1:51233 POST /api/step 1.1 200 521 766
[2025-10-23 20:48:40 +0800] [17183] [INFO] 127.0.0.1:51234 GET /api/state 1.1 200 11852 732
DEBUG    [SERVER] 电梯 E0 下一目的地设定为 F4
[2025-10-23 20:48:40 +0800] [17183] [INFO] 127.0.0.1:51235 POST /api/elevators/0/go_to_floor 1.1 200 17 711
DEBUG    [SERVER] Algorithm client processed tick 194
DEBUG    [SERVER] 电梯 E0 被设定为前往 F4
DEBUG    [SERVER] 电梯0 状态:stopped->stopped
DEBUG    [SERVER] Event emitted: passenger_board with data {'elevator': 0, 'floor': 5, 'passenger': 73}
DEBUG    [SERVER] 电梯0 状态:stopped->start_up 方向:down 位置:5.0 目标:5
DEBUG    [SERVER] 电梯1 状态:start_down->start_down 方向:down 位置:1.1 目标:1
DEBUG    [SERVER] Event emitted: elevator_move with data {'elevator': 0, 'from_position': 5.0, 'to_position': 4.9, 'direction': 'down', 'status': 'start_up'}
DEBUG    [SERVER] Event emitted: stopped_at_floor with data {'elevator': 1, 'floor': 1, 'reason': 'move_reached'}
DEBUG    [SERVER] Step completed - Final tick: 194, Total events: 3
DEBUG    [SERVER] Algorithm step: tick 194, events: 3
DEBUG    [SERVER] Stored 3 events for tick 194
[2025-10-23 20:48:40 +0800] [17183] [INFO] 127.0.0.1:51236 POST /api/step 1.1 200 506 730
[2025-10-23 20:48:40 +0800] [17183] [INFO] 127.0.0.1:51237 GET /api/state 1.1 200 11851 809
DEBUG    [SERVER] 电梯 E1 下一目的地设定为 F0
[2025-10-23 20:48:40 +0800] [17183] [INFO] 127.0.0.1:51238 POST /api/elevators/1/go_to_floor 1.1 200 17 675
DEBUG    [SERVER] Algorithm client processed tick 195
DEBUG    [SERVER] 电梯0 状态:start_up->constant_speed 方向:down 位置:4.9 目标:4
DEBUG    [SERVER] 电梯 E1 被设定为前往 F0
DEBUG    [SERVER] 电梯1 状态:stopped->stopped
DEBUG    [SERVER] 电梯1 状态:stopped->start_up 方向:down 位置:1.0 目标:1
DEBUG    [SERVER] Event emitted: elevator_move with data {'elevator': 0, 'from_position': 4.9, 'to_position': 4.7, 'direction': 'down', 'status': 'constant_speed'}
DEBUG    [SERVER] Event emitted: elevator_move with data {'elevator': 1, 'from_position': 1.0, 'to_position': 0.9, 'direction': 'down', 'status': 'start_up'}
DEBUG    [SERVER] Step completed - Final tick: 195, Total events: 2
DEBUG    [SERVER] Algorithm step: tick 195, events: 2
DEBUG    [SERVER] Stored 2 events for tick 195
[2025-10-23 20:48:40 +0800] [17183] [INFO] 127.0.0.1:51239 POST /api/step 1.1 200 417 685
[2025-10-23 20:48:40 +0800] [17183] [INFO] 127.0.0.1:51240 GET /api/state 1.1 200 11859 790
DEBUG    [SERVER] Algorithm client processed tick 196
DEBUG    [SERVER] 电梯0 状态:constant_speed->constant_speed 方向:down 位置:4.7 目标:4
DEBUG    [SERVER] 电梯1 状态:start_up->constant_speed 方向:down 位置:0.9 目标:0
DEBUG    [SERVER] 乘客   74： 创建 | PassengerInfo(id=74, origin=1, destination=0, arrive_tick=196, pickup_tick=0, dropoff_tick=0, arrived=False, elevator_id=None)
DEBUG    [SERVER] Event emitted: down_button_pressed with data {'floor': 1, 'passenger': 74}
DEBUG    [SERVER] Event emitted: elevator_move with data {'elevator': 0, 'from_position': 4.7, 'to_position': 4.5, 'direction': 'down', 'status': 'constant_speed'}
DEBUG    [SERVER] Event emitted: elevator_move with data {'elevator': 1, 'from_position': 0.9, 'to_position': 0.7, 'direction': 'down', 'status': 'constant_speed'}
DEBUG    [SERVER] Step completed - Final tick: 196, Total events: 3
DEBUG    [SERVER] Algorithm step: tick 196, events: 3
DEBUG    [SERVER] Stored 3 events for tick 196
[2025-10-23 20:48:40 +0800] [17183] [INFO] 127.0.0.1:51241 POST /api/step 1.1 200 551 746
[2025-10-23 20:48:40 +0800] [17183] [INFO] 127.0.0.1:51242 GET /api/state 1.1 200 12014 753
DEBUG    [SERVER] Algorithm client processed tick 197
DEBUG    [SERVER] 电梯0 状态:constant_speed->constant_speed 方向:down 位置:4.5 目标:4
DEBUG    [SERVER] 电梯1 状态:constant_speed->constant_speed 方向:down 位置:0.7 目标:0
DEBUG    [SERVER] Event emitted: elevator_move with data {'elevator': 0, 'from_position': 4.5, 'to_position': 4.3, 'direction': 'down', 'status': 'constant_speed'}
DEBUG    [SERVER] Event emitted: elevator_move with data {'elevator': 1, 'from_position': 0.7, 'to_position': 0.5, 'direction': 'down', 'status': 'constant_speed'}
DEBUG    [SERVER] Step completed - Final tick: 197, Total events: 2
DEBUG    [SERVER] Algorithm step: tick 197, events: 2
DEBUG    [SERVER] Stored 2 events for tick 197
[2025-10-23 20:48:40 +0800] [17183] [INFO] 127.0.0.1:51243 POST /api/step 1.1 200 423 777
[2025-10-23 20:48:40 +0800] [17183] [INFO] 127.0.0.1:51244 GET /api/state 1.1 200 12014 741
DEBUG    [SERVER] Algorithm client processed tick 198
DEBUG    [SERVER] 电梯0 状态:constant_speed->constant_speed 方向:down 位置:4.3 目标:4
DEBUG    [SERVER] 电梯1 状态:constant_speed->constant_speed 方向:down 位置:0.5 目标:0
DEBUG    [SERVER] Event emitted: elevator_move with data {'elevator': 0, 'from_position': 4.3, 'to_position': 4.1, 'direction': 'down', 'status': 'constant_speed'}
DEBUG    [SERVER] Event emitted: elevator_approaching with data {'elevator': 0, 'floor': 4, 'direction': 'down'}
DEBUG    [SERVER] Event emitted: elevator_move with data {'elevator': 1, 'from_position': 0.5, 'to_position': 0.3, 'direction': 'down', 'status': 'constant_speed'}
DEBUG    [SERVER] Step completed - Final tick: 198, Total events: 3
DEBUG    [SERVER] Algorithm step: tick 198, events: 3
DEBUG    [SERVER] Stored 3 events for tick 198
[2025-10-23 20:48:40 +0800] [17183] [INFO] 127.0.0.1:51245 POST /api/step 1.1 200 571 718
[2025-10-23 20:48:40 +0800] [17183] [INFO] 127.0.0.1:51246 GET /api/state 1.1 200 12010 751
DEBUG    [SERVER] 电梯 E0 被设定为前往 F4
DEBUG    [SERVER] 电梯0 状态:start_down->start_down
[2025-10-23 20:48:40 +0800] [17183] [INFO] 127.0.0.1:51247 POST /api/elevators/0/go_to_floor 1.1 200 17 804
DEBUG    [SERVER] Algorithm client processed tick 199
DEBUG    [SERVER] 电梯0 状态:start_down->start_down 方向:down 位置:4.1 目标:4
DEBUG    [SERVER] 电梯1 状态:constant_speed->constant_speed 方向:down 位置:0.3 目标:0
DEBUG    [SERVER] Event emitted: stopped_at_floor with data {'elevator': 0, 'floor': 4, 'reason': 'move_reached'}
DEBUG    [SERVER] Event emitted: elevator_move with data {'elevator': 1, 'from_position': 0.3, 'to_position': 0.1, 'direction': 'down', 'status': 'constant_speed'}
DEBUG    [SERVER] Event emitted: elevator_approaching with data {'elevator': 1, 'floor': 0, 'direction': 'down'}
DEBUG    [SERVER] Step completed - Final tick: 199, Total events: 3
DEBUG    [SERVER] Algorithm step: tick 199, events: 3
DEBUG    [SERVER] Stored 3 events for tick 199
[2025-10-23 20:48:40 +0800] [17183] [INFO] 127.0.0.1:51248 POST /api/step 1.1 200 521 708
[2025-10-23 20:48:40 +0800] [17183] [INFO] 127.0.0.1:51249 GET /api/state 1.1 200 12002 784
DEBUG    [SERVER] 电梯 E0 下一目的地设定为 F3
[2025-10-23 20:48:40 +0800] [17183] [INFO] 127.0.0.1:51250 POST /api/elevators/0/go_to_floor 1.1 200 17 665
DEBUG    [SERVER] 电梯 E1 被设定为前往 F0
DEBUG    [SERVER] 电梯1 状态:start_down->start_down
[2025-10-23 20:48:40 +0800] [17183] [INFO] 127.0.0.1:51251 POST /api/elevators/1/go_to_floor 1.1 200 17 724
DEBUG    [SERVER] Algorithm client processed tick 200
DEBUG    [SERVER] 电梯 E0 被设定为前往 F3
DEBUG    [SERVER] 电梯0 状态:stopped->stopped
DEBUG    [SERVER] Event emitted: passenger_board with data {'elevator': 0, 'floor': 4, 'passenger': 72}
DEBUG    [SERVER] 电梯0 状态:stopped->start_up 方向:down 位置:4.0 目标:4
DEBUG    [SERVER] 电梯1 状态:start_down->start_down 方向:down 位置:0.1 目标:0
DEBUG    [SERVER] Event emitted: elevator_move with data {'elevator': 0, 'from_position': 4.0, 'to_position': 3.9, 'direction': 'down', 'status': 'start_up'}
DEBUG    [SERVER] Event emitted: stopped_at_floor with data {'elevator': 1, 'floor': 0, 'reason': 'move_reached'}
DEBUG    [SERVER] Event emitted: passenger_alight with data {'elevator': 1, 'floor': 0, 'passenger': 61}
DEBUG    [SERVER] Event emitted: passenger_alight with data {'elevator': 1, 'floor': 0, 'passenger': 62}
DEBUG    [SERVER] Event emitted: passenger_alight with data {'elevator': 1, 'floor': 0, 'passenger': 65}
DEBUG    [SERVER] Event emitted: passenger_alight with data {'elevator': 1, 'floor': 0, 'passenger': 67}
DEBUG    [SERVER] Event emitted: passenger_alight with data {'elevator': 1, 'floor': 0, 'passenger': 70}
DEBUG    [SERVER] Event emitted: passenger_alight with data {'elevator': 1, 'floor': 0, 'passenger': 68}
DEBUG    [SERVER] Event emitted: passenger_alight with data {'elevator': 1, 'floor': 0, 'passenger': 71}
DEBUG    [SERVER] Event emitted: passenger_alight with data {'elevator': 1, 'floor': 0, 'passenger': 63}
DEBUG    [SERVER] Step completed - Final tick: 200, Total events: 11
DEBUG    [SERVER] Algorithm step: tick 200, events: 11
DEBUG    [SERVER] Stored 11 events for tick 200
[2025-10-23 20:48:40 +0800] [17183] [INFO] 127.0.0.1:51252 POST /api/step 1.1 200 1626 751
[2025-10-23 20:48:40 +0800] [17183] [INFO] 127.0.0.1:51253 GET /api/state 1.1 200 12017 762
DEBUG    [SERVER] 电梯 E1 下一目的地设定为 F1
[2025-10-23 20:48:40 +0800] [17183] [INFO] 127.0.0.1:51254 POST /api/elevators/1/go_to_floor 1.1 200 17 641
INFO     [SERVER] Saved result for down_peak.json: 67/74 passengers completed
INFO     [SERVER] Loading traffic from fire_evacuation.json
DEBUG    [SERVER] Building config: {'floors': 6, 'elevators': 2, 'elevator_capacity': 8, 'scenario': 'fire_evacuation', 'scale': 'medium', 'description': '火警疏散 - 紧急疏散到大厅 (medium规模)', 'expected_passengers': 28, 'duration': 200}
DEBUG    [SERVER] 电梯 E0 能耗率设置为: 1.0
DEBUG    [SERVER] 电梯 E1 能耗率设置为: 1.0
[2025-10-23 20:48:40 +0800] [17183] [INFO] 127.0.0.1:51255 POST /api/traffic/next 1.1 200 17 1643
DEBUG    [SERVER] Client manager reset
INFO     [SERVER] Simulation and client manager reset
[2025-10-23 20:48:40 +0800] [17183] [INFO] 127.0.0.1:51256 POST /api/reset 1.1 200 17 744
DEBUG    [SERVER] Algorithm client registered: 09efe33c-a22f-44ff-9680-ff2dcb251501
[2025-10-23 20:48:40 +0800] [17183] [INFO] 127.0.0.1:51257 POST /api/client/register 1.1 200 125 621
[2025-10-23 20:48:40 +0800] [17183] [INFO] 127.0.0.1:51258 GET /api/state 1.1 200 1306 692
[2025-10-23 20:48:40 +0800] [17183] [INFO] 127.0.0.1:51259 GET /api/traffic/info 1.1 200 54 622
